feature,importance,cohort,model,combined_importance,combined_importance_norm
ltxtrach,0.0767887632196945,Combined,XGBoost,0.0767887632196945,1.0
txnomcsd,0.0665932764673354,Combined,XGBoost,0.0665932764673354,0.8672268399063863
chd_papvr,0.0327186957375635,Combined,XGBoost,0.0327186957375635,0.4260870258315599
txsa_r,0.0274087276906287,Combined,XGBoost,0.0274087276906287,0.35693669934768546
egfr_tx,0.0230714378095131,Combined,XGBoost,0.0230714378095131,0.300453306475391
chd_anom,0.0222506781942775,Combined,XGBoost,0.0222506781942775,0.28976476845469923
txbun_r,0.0203085210508108,Combined,XGBoost,0.0203085210508108,0.2644725634232138
donisch,0.0191207137589971,Combined,XGBoost,0.0191207137589971,0.24900405941286327
txecmo,0.0181075881956454,Combined,XGBoost,0.0181075881956454,0.2358103899113358
txast,0.0177331283945227,Combined,XGBoost,0.0177331283945227,0.23093389776037665
lsalt,0.0166057352255641,Combined,XGBoost,0.0166057352255641,0.21625215108693302
lbun_r,0.0163338608712296,Combined,XGBoost,0.0163338608712296,0.21271160240591494
lbnp,0.0147140927962542,Combined,XGBoost,0.0147140927962542,0.19161778597939944
height_listing,0.0143215038052608,Combined,XGBoost,0.0143215038052608,0.18650520212555885
neuroth,0.0141437272948542,Combined,XGBoost,0.0141437272948542,0.18419006508007763
prim_dx,0.0141294271995961,Combined,XGBoost,0.0141294271995961,0.18400383867586811
sec_dx,0.0139947747007938,Combined,XGBoost,0.0139947747007938,0.18225029436604434
durcarst,0.0139029160580858,Combined,XGBoost,0.0139029160580858,0.18105404326293448
lpace,0.0136831514530365,Combined,XGBoost,0.0136831514530365,0.17819210623159373
bmi_txpl,0.0133297613356835,Combined,XGBoost,0.0133297613356835,0.1735899990672689
txdcd,0.0122669000462001,Combined,XGBoost,0.0122669000462001,0.15974863419930602
lstp_r,0.0120015966324507,Combined,XGBoost,0.0120015966324507,0.15629365716066873
chd_unk,0.0118103313028045,Combined,XGBoost,0.0118103313028045,0.15380285874659627
hxhep,0.0112267038821565,Combined,XGBoost,0.0112267038821565,0.14620243133798927
lsast,0.0110724787042769,Combined,XGBoost,0.0110724787042769,0.1441939971425021
chd_iivc,0.0110120453018828,Combined,XGBoost,0.0110120453018828,0.1434069887331962
lsbaosat,0.010660666545893,Combined,XGBoost,0.010660666545893,0.13883107500237474
txbci,0.0104986756575884,Combined,XGBoost,0.0104986756575884,0.13672150998905186
txalt,0.010477605295271,Combined,XGBoost,0.010477605295271,0.13644711616586816
lssab_r,0.0103069105561389,Combined,XGBoost,0.0103069105561389,0.1342242031773657
txtp_r,0.0101796504614733,Combined,XGBoost,0.0101796504614733,0.13256692821512278
age_listing,0.0095583477465397,Combined,XGBoost,0.0095583477465397,0.1244758652928559
height_donor,0.0092215561475322,Combined,XGBoost,0.0092215561475322,0.12008991629607456
drisk,0.0090324803038949,Combined,XGBoost,0.0090324803038949,0.11762763098622589
lldl_r,0.0089801464568043,Combined,XGBoost,0.0089801464568043,0.11694610096938124
age_txpl,0.0089283874446686,Combined,XGBoost,0.0089283874446686,0.11627205687796102
lsbili_t_r,0.0089231433900255,Combined,XGBoost,0.0089231433900255,0.1162037649245134
tdsacl1,0.0087459709548101,Combined,XGBoost,0.0087459709548101,0.11389649459241409
ter_dx,0.008562955479719,Combined,XGBoost,0.008562955479719,0.11151313187868618
egfr_change,0.0084806573996955,Combined,XGBoost,0.0084806573996955,0.11044138548542753
lsbpam,0.0083969872670699,Combined,XGBoost,0.0083969872670699,0.10935177120962242
egfr_listing,0.0083968654677526,Combined,XGBoost,0.0083968654677526,0.109350185048937
txbili_t_r,0.0083486353523621,Combined,XGBoost,0.0083486353523621,0.10872209685779746
egfr_tx_cat,0.0082662187908316,Combined,XGBoost,0.0082662187908316,0.10764880751083007
esteject,0.0082157648531679,Combined,XGBoost,0.0082157648531679,0.10699175906326813
lcreat_r,0.0080456825616993,Combined,XGBoost,0.0080456825616993,0.10477682182066678
lsbpcw,0.0080320386895579,Combined,XGBoost,0.0080320386895579,0.1045991412386477
lchol_r,0.0079765703015208,Combined,XGBoost,0.0079765703015208,0.10387679091405133
injdrugs,0.0079434539143099,Combined,XGBoost,0.0079434539143099,0.10344552485607156
lsbco,0.007881791545437,Combined,XGBoost,0.007881791545437,0.10264251193741727
lsbrs,0.0077508194039199,Combined,XGBoost,0.0077508194039199,0.10093689595891289
height_txpl,0.007654120138243,Combined,XGBoost,0.007654120138243,0.09967760668763968
txbnp,0.0075507153852998,Combined,XGBoost,0.0075507153852998,0.09833099360771083
txcreat_r,0.0073700121598459,Combined,XGBoost,0.0073700121598459,0.09597774271686234
lsbci,0.0073398212546151,Combined,XGBoost,0.0073398212546151,0.09558457444633787
fracshor,0.0072140366334709,Combined,XGBoost,0.0072140366334709,0.09394651419025161
lsbrp,0.0071795941097134,Combined,XGBoost,0.0071795941097134,0.09349797820251915
hxple,0.0070000396641786,Combined,XGBoost,0.0070000396641786,0.09115968757240325
lpacebiv,0.0069843306275822,Combined,XGBoost,0.0069843306275822,0.09095511289327401
dmhothr,0.0069323977198064,Combined,XGBoost,0.0069323977198064,0.09027880420436833
chd_lvotoas,0.0067206106110397,Combined,XGBoost,0.0067206106110397,0.08752075602275129
cprmin,0.0064462965360091,Combined,XGBoost,0.0064462965360091,0.08394843549655945
lsfprab,0.0063321053449349,Combined,XGBoost,0.0063321053449349,0.08246135345113705
hxdmd,0.006329346369871,Combined,XGBoost,0.006329346369871,0.08242542403974638
chd_patrd,0.0061277397369292,Combined,XGBoost,0.0061277397369292,0.07979995353483672
weight_listing,0.0059633370875547,Combined,XGBoost,0.0059633370875547,0.07765898078724681
chd_ctga,0.0059020038263689,Combined,XGBoost,0.0059020038263689,0.07686025375201219
txpge,0.0058654898838073,Combined,XGBoost,0.0058654898838073,0.07638474221841537
chd_ahih,0.0058288473956411,Combined,XGBoost,0.0058288473956411,0.07590755666899632
ecmo_combined,0.0057899632459324,Combined,XGBoost,0.0057899632459324,0.07540117854701184
chd_tapvr,0.0057570958277042,Combined,XGBoost,0.0057570958277042,0.07497315474704301
txbrs,0.0055662160269687,Combined,XGBoost,0.0055662160269687,0.0724873769752434
lcrp_r,0.0055609353501416,Combined,XGBoost,0.0055609353501416,0.07241860810066221
lscntry,0.0055144334374757,Combined,XGBoost,0.0055144334374757,0.07181302584205938
txmilrin,0.0054550375472071,Combined,XGBoost,0.0054550375472071,0.07103952868208213
txbaosat,0.0054037949083159,Combined,XGBoost,0.0054037949083159,0.07037220918450676
ltg_r,0.0053277546190096,Combined,XGBoost,0.0053277546190096,0.06938195636471922
don_levo,0.0052787457692132,Combined,XGBoost,0.0052787457692132,0.0687437269188798
slicu,0.0051746120019075,Combined,XGBoost,0.0051746120019075,0.06738762007538539
lsldpt,0.0050287402653468,Combined,XGBoost,0.0050287402653468,0.06548797056360256
chd_pspl,0.0050260895237716,Combined,XGBoost,0.0050260895237716,0.06545345064865594
chd_sv,0.004925811803802,Combined,XGBoost,0.004925811803802,0.0641475601021094
lebvpcr,0.0049148184327151,Combined,XGBoost,0.0049148184327151,0.06400439630279872
don_mil,0.004878951743541,Combined,XGBoost,0.004878951743541,0.06353731378095258
aaschool,0.0048292172825755,Combined,XGBoost,0.0048292172825755,0.06288963489044605
chd_ar,0.004790915171636,Combined,XGBoost,0.004790915171636,0.06239083650727746
chd_tr,0.0046828703163118,Combined,XGBoost,0.0046828703163118,0.06098379658640934
hxpb,0.0046193602261215,Combined,XGBoost,0.0046193602261215,0.06015672127581219
rdopdose,0.004525924309702,Combined,XGBoost,0.004525924309702,0.05893992974926841
hxfonlvr,0.0044694140670741,Combined,XGBoost,0.0044694140670741,0.0582040116245524
don_epi,0.004453043324879,Combined,XGBoost,0.004453043324879,0.05799081972630209
don_oth,0.0043577436806609,Combined,XGBoost,0.0043577436806609,0.05674975735959297
txsa_r_low,0.004323618710273,Combined,XGBoost,0.004323618710273,0.05630535678642229
atrskshs,0.0043026246104841,Combined,XGBoost,0.0043026246104841,0.056031956110221326
lsfprat,0.0041948507793809,Combined,XGBoost,0.0041948507793809,0.054628445666969935
incarctn,0.0041642608491369,Combined,XGBoost,0.0041642608491369,0.05423008099795604
txbili_d_r,0.0040992256753724,Combined,XGBoost,0.0040992256753724,0.05338314492244675
txtg_r,0.0040989540493918,Combined,XGBoost,0.0040989540493918,0.05337960760827198
txvent,0.0040818984391535,Combined,XGBoost,0.0040818984391535,0.05315749685243777
txpbnp_r,0.0039697118425031,Combined,XGBoost,0.0039697118425031,0.051696520116434996
chd_avsep,0.0038717587493466,Combined,XGBoost,0.0038717587493466,0.05042090257749568
hxsurg,0.0038242688987287,Combined,XGBoost,0.0038242688987287,0.049802454661072935
lhdl_r,0.0038077670053412,Combined,XGBoost,0.0038077670053412,0.049587554815111255
lspbnp_r,0.0037961832663654,Combined,XGBoost,0.0037961832663654,0.049436702809035074
mthrhiv,0.0037498557411401,Combined,XGBoost,0.0037498557411401,0.04883339155250714
chd_bivc,0.0037186316273939,Combined,XGBoost,0.0037186316273939,0.0484267680774439
txbili_t_r_high,0.0036573431833065,Combined,XGBoost,0.0036573431833065,0.04762862468357191
lsmilrin,0.0036459038962648,Combined,XGBoost,0.0036459038962648,0.04747965383729103
hemdilut,0.0036432207160448,Combined,XGBoost,0.0036432207160448,0.047444711482348766
lsbram,0.0036361470889595,Combined,XGBoost,0.0036361470889595,0.04735259348501806
ttndr,0.0036358071614377,Combined,XGBoost,0.0036358071614377,0.04734816669771811
don_nsyn,0.0036240214725354,Combined,XGBoost,0.0036240214725354,0.0471946847505147
txbram,0.0036103390340864,Combined,XGBoost,0.0036103390340864,0.047016501929548385
txcrp_r,0.0036005095281406,Combined,XGBoost,0.0036005095281406,0.04688849484187492
hxfail,0.0035943653989847,Combined,XGBoost,0.0035943653989847,0.046808481453219065
txsvcsat,0.0035524523806829,Combined,XGBoost,0.0035524523806829,0.046262659166931085
txicu,0.0035379800036803,Combined,XGBoost,0.0035379800036803,0.04607418918257681
lsrhfcl,0.0035329743431538,Combined,XGBoost,0.0035329743431538,0.046009001773421924
txldl_r,0.003528468878122,Combined,XGBoost,0.003528468878122,0.045950328279503155
lsbili_d_r,0.003516995270669,Combined,XGBoost,0.003516995270669,0.04580091048747317
txinhosp,0.0035154963771899,Combined,XGBoost,0.0035154963771899,0.04578139078932656
txbrp,0.003490884432789,Combined,XGBoost,0.003490884432789,0.04546087586801595
cmv,0.0034659327954414,Combined,XGBoost,0.0034659327954414,0.04513593721421561
donor_age,0.0034627209458797,Combined,XGBoost,0.0034627209458797,0.0450941101365674
dptxangi,0.0034563779973694,Combined,XGBoost,0.0034563779973694,0.045011507575406826
lssvcsat,0.0034165895630905,Combined,XGBoost,0.0034165895630905,0.0444933531917366
dhxnone,0.0034033503045191,Combined,XGBoost,0.0034033503045191,0.04432094178652198
hxaicd,0.0032691951542068,Combined,XGBoost,0.0032691951542068,0.042573874316136
spschool,0.0032691161994241,Combined,XGBoost,0.0032691161994241,0.04257284610863024
txhdl_r,0.0032437141245868,Combined,XGBoost,0.0032437141245868,0.0422420415250921
chd_patr,0.0031984863829391,Combined,XGBoost,0.0031984863829391,0.0416530524627432
txidtsys,0.0031750179761681,Combined,XGBoost,0.0031750179761681,0.041347429533202626
dcircod,0.0031316256365419,Combined,XGBoost,0.0031316256365419,0.040782342431824874
weight_donor,0.0031151026739464,Combined,XGBoost,0.0031151026739464,0.04056716820707239
statlist,0.0030588555647303,Combined,XGBoost,0.0030588555647303,0.0398346768000266
chd_hlh,0.003042983006085,Combined,XGBoost,0.003042983006085,0.03962797261597967
txcstat,0.0030415475067015,Combined,XGBoost,0.0030415475067015,0.039609278482576414
chd_avd,0.0029994198205483,Combined,XGBoost,0.0029994198205483,0.039060660632948184
hxfonlvr_bin,0.0029918648068953,Combined,XGBoost,0.0029918648068953,0.03896227366412326
chd_aspl,0.0029452126652111,Combined,XGBoost,0.0029452126652111,0.03835473501226704
chd_heter,0.0029281640174782,Combined,XGBoost,0.0029281640174782,0.038132714927321495
chd_triat,0.0029126648434814,Combined,XGBoost,0.0029126648434814,0.03793087323399383
txvad,0.002893684015717,Combined,XGBoost,0.002893684015717,0.037683690873339115
riskothr,0.0028795418018894,Combined,XGBoost,0.0028795418018894,0.03749952051774765
pacemake,0.0028777672878597,Combined,XGBoost,0.0028777672878597,0.037476411485184866
atrskhst,0.0028307839593474,Combined,XGBoost,0.0028307839593474,0.03686455987379897
lsprocm,0.0028079354310339,Combined,XGBoost,0.0028079354310339,0.03656700945944825
txchol_r,0.0027908069022615,Combined,XGBoost,0.0027908069022615,0.03634394910459665
txbpam,0.0027846343986819,Combined,XGBoost,0.0027846343986819,0.036263566203234635
txpalb_r,0.0027749847468131,Combined,XGBoost,0.0027749847468131,0.03613790130821357
lsttperf,0.0027666319977053,Combined,XGBoost,0.0027666319977053,0.036029125638993555
chd_pa,0.0027284738645575,Combined,XGBoost,0.0027284738645575,0.035532202240987666
chd_tof,0.0027260283289194,Combined,XGBoost,0.0027260283289194,0.03550035466934358
hxmed,0.0026927951085402,Combined,XGBoost,0.0026927951085402,0.03506756712353926
lspalb_r,0.002634742530971,Combined,XGBoost,0.002634742530971,0.03431156357386482
txcntry,0.0026169151144736,Combined,XGBoost,0.0026169151144736,0.03407940178677631
slvent,0.0026029027793017,Combined,XGBoost,0.0026029027793017,0.03389692280698326
lsdcd,0.0025858738260785,Combined,XGBoost,0.0025858738260785,0.033675159198491754
weight_txpl,0.0025802318100928,Combined,XGBoost,0.0025802318100928,0.033601684698459
txsilden,0.0025483890095433,Combined,XGBoost,0.0025483890095433,0.03318700422680722
hiv,0.0025231714516805,Combined,XGBoost,0.0025231714516805,0.0328586025596173
prm_list,0.0025070738864747,Combined,XGBoost,0.0025070738864747,0.03264896817392281
lspge,0.0024903494127711,Combined,XGBoost,0.0024903494127711,0.03243116972266047
hxiso,0.0024532477866629,Combined,XGBoost,0.0024532477866629,0.031948004939786556
lshemagt,0.0024307588983262,Combined,XGBoost,0.0024307588983262,0.03165513802288677
don_t3,0.00243071954495,Combined,XGBoost,0.00243071954495,0.031654625534150785
dmhdiab,0.0024295371036686,Combined,XGBoost,0.0024295371036686,0.031639226910292015
txbpcw,0.0024172964823128,Combined,XGBoost,0.0024172964823128,0.03147982049661168
age_txpl_months,0.0024154007720687,Combined,XGBoost,0.0024154007720687,0.03145513315741498
hbsag,0.00240788864984,Combined,XGBoost,0.00240788864984,0.031357304752402025
cpr,0.0024033845331557,Combined,XGBoost,0.0024033845331557,0.03129864881766046
hxisoth,0.0024019362021652,Combined,XGBoost,0.0024019362021652,0.03127978758159189
txbco,0.0023690750629327,Combined,XGBoost,0.0023690750629327,0.030851845551343484
lshpo2,0.0023582090542688,Combined,XGBoost,0.0023582090542688,0.030710340359590207
dhcab,0.0023569767503634,Combined,XGBoost,0.0023569767503634,0.030694292387807225
chd_vsd,0.0023011439500368,Combined,XGBoost,0.0023011439500368,0.029967196417178536
dtime,0.0022739966595178,Combined,XGBoost,0.0022739966595178,0.02961366434580853
lspcmt,0.0022372072849664,Combined,XGBoost,0.0022372072849664,0.029134565933373564
hlatxpre,0.0021891006164036,Combined,XGBoost,0.0021891006164036,0.028508085358016907
hxrenins,0.0021869019557667,Combined,XGBoost,0.0021869019557667,0.028479452775009816
don_vpr,0.0021758161362162,Combined,XGBoost,0.0021758161362162,0.02833508504351265
hxshock,0.0021329790201893,Combined,XGBoost,0.0021329790201893,0.027777228473999455
debv,0.0021280988958751,Combined,XGBoost,0.0021280988958751,0.02771367589013718
hxvtach,0.0020726163977535,Combined,XGBoost,0.0020726163977535,0.02699114181359706
tdsa,0.0020688216873542,Combined,XGBoost,0.0020688216873542,0.02694172429155098
hcab,0.0020518312944707,Combined,XGBoost,0.0020518312944707,0.026720462844288317
slinods,0.002033670382426,Combined,XGBoost,0.002033670382426,0.02648395803182323
hxmalig,0.0020333601868868,Combined,XGBoost,0.0020333601868868,0.026479918436364287
txaboinc,0.0020195520367016,Combined,XGBoost,0.0020195520367016,0.026300098504303464
chd_hrh,0.0020101443491629,Combined,XGBoost,0.0020101443491629,0.026177584647532726
lsvaso,0.0019850065950054,Combined,XGBoost,0.0019850065950054,0.025850222243145766
txo2,0.0019801561402092,Combined,XGBoost,0.0019801561402092,0.025787056037664336
atrial,0.0019620470802804,Combined,XGBoost,0.0019620470802804,0.025551226481756666
hxaf_fl,0.0019592816453402,Combined,XGBoost,0.0019592816453402,0.02551521294508479
slivino,0.0018968007822834,Combined,XGBoost,0.0018968007822834,0.024701540990530183
hxgi,0.0018862384067354,Combined,XGBoost,0.0018862384067354,0.024563989933511842
hxotresp,0.0018836002253398,Combined,XGBoost,0.0018836002253398,0.02452963358650242
lsnyha,0.0018823303214454,Combined,XGBoost,0.0018823303214454,0.024513095959886835
dtoxo,0.0018764971056744,Combined,XGBoost,0.0018764971056744,0.024437131515006913
rabotype,0.0018501577808585,Combined,XGBoost,0.0018501577808585,0.024094121369882652
hxplyspl,0.0018423034822249,Combined,XGBoost,0.0018423034822249,0.023991836890952724
txtdsxm,0.0018284241455703,Combined,XGBoost,0.0018284241455703,0.023811089916100547
ebv,0.001827545053603,Combined,XGBoost,0.001827545053603,0.023799641731100028
egfr_listing_cat,0.0018220678959493,Combined,XGBoost,0.0018220678959493,0.02372831413805064
txbcdc,0.0018081126357278,Combined,XGBoost,0.0018081126357278,0.023546578430424077
dmhhyten,0.0018048921618426,Combined,XGBoost,0.0018048921618426,0.023504639040464296
slhosp,0.0017839716134588,Combined,XGBoost,0.0017839716134588,0.0232321962049944
txepine,0.0017778277499021,Combined,XGBoost,0.0017778277499021,0.02315218627516753
dabotype,0.0017770838592155,Combined,XGBoost,0.0017770838592155,0.023142498781120104
drhtype,0.0017597215710031,Combined,XGBoost,0.0017597215710031,0.022916394238158184
status_txpl,0.0017489017330206,Combined,XGBoost,0.0017489017330206,0.022775490315125275
hxgiot,0.0017487203619568,Combined,XGBoost,0.0017487203619568,0.02277312836715014
dmechod,0.0017362397020092,Combined,XGBoost,0.0017362397020092,0.02261059599360621
hxnoonan,0.0017083186476572,Combined,XGBoost,0.0017083186476572,0.022246987398008473
draboat,0.0016620809585495,Combined,XGBoost,0.0016620809585495,0.021644846053767614
hbcab,0.0016613722300829,Combined,XGBoost,0.0016613722300829,0.021635616468124043
txhemagt,0.0016573705208647,Combined,XGBoost,0.0016573705208647,0.0215835032545442
bicaval,0.0016508106677702,Combined,XGBoost,0.0016508106677702,0.02149807600165653
dcmv,0.0016357558137448,Combined,XGBoost,0.0016357558137448,0.02130202057122425
chd_dex,0.0016076874398271,Combined,XGBoost,0.0016076874398271,0.02093649347141414
efind,0.001595790665407,Combined,XGBoost,0.001595790665407,0.02078156488653691
hxcva,0.0015932873731617,Combined,XGBoost,0.0015932873731617,0.020748965165687933
txtcdc,0.0015895771849041,Combined,XGBoost,0.0015895771849041,0.02070064835340923
lscstat,0.0015882339227977,Combined,XGBoost,0.0015882339227977,0.020683155401965837
txhemo,0.0015753885336152,Combined,XGBoost,0.0015753885336152,0.02051587325489246
hxarryth,0.0015721333299971,Combined,XGBoost,0.0015721333299971,0.020473481588695327
txdopa,0.0015620577406109,Combined,XGBoost,0.0015620577406109,0.02034226982067435
toxo,0.0015448971462008,Combined,XGBoost,0.0015448971462008,0.02011879188340112
lvldl_r,0.0015443767651167,Combined,XGBoost,0.0015443767651167,0.020112015096508336
drpr,0.0015216669222169,Combined,XGBoost,0.0015216669222169,0.019816270746064426
dptxecho,0.001517821858122,Combined,XGBoost,0.001517821858122,0.019766197480996995
techunk,0.0015120123029415,Combined,XGBoost,0.0015120123029415,0.019690541161805103
txfcpra,0.0014989564378931,Combined,XGBoost,0.0014989564378931,0.01952051804252335
lsdobut,0.00147616095129,Combined,XGBoost,0.00147616095129,0.019223658376508395
dmhinf,0.0014684277012541,Combined,XGBoost,0.0014684277012541,0.019122950281838674
lcmvpcr,0.0014648610064616,Combined,XGBoost,0.0014648610064616,0.01907650214746391
dhxunk,0.001462381669182,Combined,XGBoost,0.001462381669182,0.019044214385874284
chd_tga,0.0014498189349236,Combined,XGBoost,0.0014498189349236,0.018880613180025225
hxresp,0.0014460302002841,Combined,XGBoost,0.0014460302002841,0.018831273478737674
chd_mstn,0.0014272229740361,Combined,XGBoost,0.0014272229740361,0.01858635188527234
txedp,0.0014264003319088,Combined,XGBoost,0.0014264003319088,0.018575638831788893
tdsacl2,0.0013957742684615,Combined,XGBoost,0.0013957742684615,0.018176803609509327
dhbsab,0.0013617951092814,Combined,XGBoost,0.0013617951092814,0.017734301897600193
txivino,0.0013564401033504,Combined,XGBoost,0.0013564401033504,0.017664565054519663
txmcsd,0.0013554613979495,Combined,XGBoost,0.0013554613979495,0.017651819629800423
chd_mart,0.0013429736379108,Combined,XGBoost,0.0013429736379108,0.01748919479362521
dhbcab,0.0013263625375697,Combined,XGBoost,0.0013263625375697,0.01727287277404045
lsaboinc,0.0013031427753594,Combined,XGBoost,0.0013031427753594,0.016970487877647895
hxchb,0.0012994753531354,Combined,XGBoost,0.0012994753531354,0.01692272799625083
slnomcsd,0.0012985182441452,Combined,XGBoost,0.0012985182441452,0.016910263815945414
don_dob,0.0012964442321074,Combined,XGBoost,0.0012964442321074,0.016883254499076145
chd_ebst,0.0012896867456901,Combined,XGBoost,0.0012896867456901,0.016795253519063396
dhbsag,0.0012881456139091,Combined,XGBoost,0.0012881456139091,0.01677518376254719
chd_hb,0.0012733512881113,Combined,XGBoost,0.0012733512881113,0.016582521123151985
hxmit,0.001251599336678,Combined,XGBoost,0.001251599336678,0.016299251142997892
cancpro,0.001233428321107,Combined,XGBoost,0.001233428321107,0.016062614754949654
rdobdose,0.0012192113268143,Combined,XGBoost,0.0012192113268143,0.01587747055289987
rpr,0.0012087514351442,Combined,XGBoost,0.0012087514351442,0.01574125411664638
hxpuldis,0.0011998253600349,Combined,XGBoost,0.0011998253600349,0.015625012172707755
tdsaunk,0.0011980561059318,Combined,XGBoost,0.0011980561059318,0.015601971638794765
donspecp,0.0011800691691066,Combined,XGBoost,0.0011800691691066,0.015367732460156882
chd_dilv,0.001173988433439,Combined,XGBoost,0.001173988433439,0.01528854462833567
txldpt,0.0011691577203009,Combined,XGBoost,0.0011691577203009,0.015225635513309566
hxtrach,0.0011607921878353,Combined,XGBoost,0.0011607921878353,0.015116693369760958
lsfpres,0.0011489564149794,Combined,XGBoost,0.0011489564149794,0.014962559192315783
txbdsxn,0.0011411863520438,Combined,XGBoost,0.0011411863520438,0.01486137169287176
lsfcpra,0.0011334703764392,Combined,XGBoost,0.0011334703764392,0.014760888558607384
hxasplen,0.0011286539343122,Combined,XGBoost,0.0011286539343122,0.014698165291230098
don_t4,0.0011105447903533,Combined,XGBoost,0.0011105447903533,0.014462334641020388
don_dop,0.0011042883026863,Combined,XGBoost,0.0011042883026863,0.014380858036831569
hxmet,0.001098669761976,Combined,XGBoost,0.001098669761976,0.014307689249176723
hbsab,0.001093944623137,Combined,XGBoost,0.001093944623137,0.01424615500066329
hxcpr,0.0010884230052363,Combined,XGBoost,0.0010884230052363,0.014174248413433819
lshemo,0.0010216572029513,Combined,XGBoost,0.0010216572029513,0.013304774814881628
donspxm,0.0009922465993953357,Combined,XGBoost,0.0009922465993953357,0.012921768209190899
roprdsc1,0.000978962859679524,Combined,XGBoost,0.000978962859679524,0.012748777537654667
hxturner,0.000899804160496405,Combined,XGBoost,0.000899804160496405,0.011717914480821155
slvad,0.0008818944847922256,Combined,XGBoost,0.0008818944847922256,0.011484681453575497
donspac,0.0008639092523790297,Combined,XGBoost,0.0008639092523790297,0.011250464471049815
lsdopa,0.0008195427337299093,Combined,XGBoost,0.0008195427337299093,0.010672690890790594
txnorepi,0.0007867376990368278,Combined,XGBoost,0.0007867376990368278,0.010245479495300013
hxtrans,0.000778682179649907,Combined,XGBoost,0.000778682179649907,0.010140574571074657
lsnox,0.000763110858334606,Combined,XGBoost,0.000763110858334606,0.00993779332206885
hxprenat,0.0007393491140824166,Combined,XGBoost,0.0007393491140824166,0.00962835033515413
dhiv,0.0007289096593313007,Combined,XGBoost,0.0007289096593313007,0.009492400043556799
dhxinsul,0.0007084054160485132,Combined,XGBoost,0.0007084054160485132,0.009225378640644964
hxdigorg,0.000708121164746469,Combined,XGBoost,0.000708121164746469,0.009221676910207779
chd_ma,0.0007021555737752313,Combined,XGBoost,0.0007021555737752313,0.009143988577682224
txbun_r_high,0.0006480916369870593,Combined,XGBoost,0.0006480916369870593,0.008439928054744854
txalt_high,0.0005945204991001284,Combined,XGBoost,0.0005945204991001284,0.007742285123139579
hxneuro,0.0005457401358255586,Combined,XGBoost,0.0005457401358255586,0.007107031197574871
chd_mr,0.0005378626950044122,Combined,XGBoost,0.0005378626950044122,0.007004445343983131
lschool,0.000474737623651869,Combined,XGBoost,0.000474737623651869,0.006182384033112153
txvldl_r,0.0004554802630412997,Combined,XGBoost,0.0004554802630412997,0.005931600457454429
pcage,0.0004473167398800166,Combined,XGBoost,0.0004473167398800166,0.005825289028294839
ttmaxvo2,0.0003914610547660231,Combined,XGBoost,0.0003914610547660231,0.005097895035059278
txfontp,0.000339050443198471,Combined,XGBoost,0.000339050443198471,0.0044153653344883225
chd_dolv,0.000331150183527349,Combined,XGBoost,0.000331150183527349,0.004312482316975472
txno2,0.00015457023547835584,Combined,XGBoost,0.00015457023547835584,0.0020129277904389043
hxsyn,9.496570958559588e-05,Combined,XGBoost,9.496570958559588e-05,0.001236713623240639
chd_alcapa,8.084523769332824e-05,Combined,XGBoost,8.084523769332824e-05,0.0010528264071922617
slecmo,7.377571571305035e-05,Combined,XGBoost,7.377571571305035e-05,0.000960761869571675
