feature,importance,cohort,model
ecmo_combined,5.522917279123458,CHD,CatBoost
txalt,5.470185946978033,CHD,CatBoost
txbun_r,5.335804464091345,CHD,CatBoost
txecmo,4.082320044499853,CHD,CatBoost
lbun_r,3.503252024262297,CHD,CatBoost
txivino,3.2374369410980606,CHD,CatBoost
txast,2.644528897317144,CHD,CatBoost
lsbaosat,2.450530381690747,CHD,CatBoost
lsfprat,2.1683411574264726,CHD,CatBoost
txbun_r_high,1.8762880960987938,CHD,CatBoost
bmi_txpl,1.54149258029329,CHD,CatBoost
chd_avsep,1.4717170833979423,CHD,CatBoost
ltg_r,1.4431616057611685,CHD,CatBoost
hxmed,1.3456143154804392,CHD,CatBoost
txbcdc,1.2363645231123426,CHD,CatBoost
dhbsab,1.1611904566216535,CHD,CatBoost
hbsab,1.153416785862076,CHD,CatBoost
hxfail,0.9831694139664899,CHD,CatBoost
lsalt,0.9581721866755146,CHD,CatBoost
txcreat_r,0.9266001845008623,CHD,CatBoost
drhtype,0.9102026438733103,CHD,CatBoost
slicu,0.9077273471892445,CHD,CatBoost
height_txpl,0.8962374104989189,CHD,CatBoost
donisch,0.8780587237576843,CHD,CatBoost
txtdsxm,0.8756437962725726,CHD,CatBoost
age_listing,0.8735332477982418,CHD,CatBoost
rabotype,0.8734576706951356,CHD,CatBoost
lschool,0.8715869597548251,CHD,CatBoost
txsa_r,0.8674068326360004,CHD,CatBoost
txsa_r_low,0.8657670039776849,CHD,CatBoost
egfr_tx,0.8563777278962127,CHD,CatBoost
chd_tr,0.8371248773331538,CHD,CatBoost
txbili_t_r,0.8356717447401046,CHD,CatBoost
lscstat,0.8344318889098807,CHD,CatBoost
lsfprab,0.8331492632733842,CHD,CatBoost
lshemagt,0.8246380200122329,CHD,CatBoost
esteject,0.8222254746209161,CHD,CatBoost
hlatxpre,0.817578973234059,CHD,CatBoost
hxchb,0.814205368562366,CHD,CatBoost
chd_mart,0.8085461668614214,CHD,CatBoost
egfr_listing,0.805179106370162,CHD,CatBoost
lssab_r,0.8046848330440399,CHD,CatBoost
weight_txpl,0.8005748091795478,CHD,CatBoost
txvent,0.7986755002680783,CHD,CatBoost
txbco,0.787680929175293,CHD,CatBoost
height_listing,0.7736592565159336,CHD,CatBoost
dmechod,0.7686955208422483,CHD,CatBoost
txbnp,0.7586542220815018,CHD,CatBoost
chd_hlh,0.7447119853877455,CHD,CatBoost
lpacebiv,0.7396646438832981,CHD,CatBoost
prm_list,0.7393505063698238,CHD,CatBoost
lssvcsat,0.7273416714696377,CHD,CatBoost
ttndr,0.7200705451763008,CHD,CatBoost
txtp_r,0.7198087397168138,CHD,CatBoost
don_vpr,0.7170251120382541,CHD,CatBoost
donor_age,0.7164195784881906,CHD,CatBoost
dmhothr,0.7135689321491233,CHD,CatBoost
weight_listing,0.7128426030457294,CHD,CatBoost
lsbco,0.7073685102820063,CHD,CatBoost
txbpcw,0.7030931991700909,CHD,CatBoost
weight_donor,0.6952877020346576,CHD,CatBoost
txmcsd,0.694260571861633,CHD,CatBoost
txtg_r,0.6934659380637647,CHD,CatBoost
chd_papvr,0.6907009080138098,CHD,CatBoost
slivino,0.6827792941474478,CHD,CatBoost
hcab,0.6825076180407655,CHD,CatBoost
chd_anom,0.6789622902652124,CHD,CatBoost
lsbram,0.6767680453034127,CHD,CatBoost
txbdsxn,0.6664648498473459,CHD,CatBoost
txno2,0.6657710531364465,CHD,CatBoost
lsbrp,0.6563630608136296,CHD,CatBoost
hxpb,0.650685404110165,CHD,CatBoost
chd_ahih,0.6456786521548707,CHD,CatBoost
txnpruss,0.6455069574339654,CHD,CatBoost
txbpam,0.6332375133358512,CHD,CatBoost
lsnorepi,0.629835595348922,CHD,CatBoost
hxaf_fl,0.6222984727547488,CHD,CatBoost
chd_sv,0.6222403178934641,CHD,CatBoost
cmv,0.6162228701406767,CHD,CatBoost
incarctn,0.6151351145161714,CHD,CatBoost
lcmvpcr,0.6122051776233571,CHD,CatBoost
egfr_change,0.6099555917852972,CHD,CatBoost
don_dop,0.6076894709921559,CHD,CatBoost
txtcdc,0.5929720108902511,CHD,CatBoost
hxtrans,0.5920820691827869,CHD,CatBoost
lsnitrop,0.5865911384055618,CHD,CatBoost
chd_patr,0.5857463272574297,CHD,CatBoost
txcstat,0.5852382743973293,CHD,CatBoost
hxgiot,0.5776726803749618,CHD,CatBoost
txcntry,0.574292137922334,CHD,CatBoost
lsrhfcl,0.5712590527989888,CHD,CatBoost
lstp_r,0.5694979432856075,CHD,CatBoost
hxhep,0.568401120840415,CHD,CatBoost
age_txpl,0.5662158886418289,CHD,CatBoost
rpr,0.5658543020948033,CHD,CatBoost
txhnes,0.5634809894369861,CHD,CatBoost
drisk,0.5607690512790084,CHD,CatBoost
height_donor,0.5559346362032529,CHD,CatBoost
hxpuldis,0.554326136033533,CHD,CatBoost
durcarst,0.5539258090024577,CHD,CatBoost
lcreat_r,0.5472911692099375,CHD,CatBoost
slnomcsd,0.5461563912804183,CHD,CatBoost
hxresp,0.54605978083291,CHD,CatBoost
lsdcd,0.5441224916374349,CHD,CatBoost
lbnp,0.539763136736845,CHD,CatBoost
lsttperf,0.5395057425185218,CHD,CatBoost
lsast,0.5394094891729265,CHD,CatBoost
fracshor,0.5314437604454935,CHD,CatBoost
lebvpcr,0.5262753947900412,CHD,CatBoost
chd_aspl,0.5226827939848524,CHD,CatBoost
txbili_d_r,0.5204228682557577,CHD,CatBoost
chd_lsvc,0.5148754269282103,CHD,CatBoost
lshpo2,0.5124540110507926,CHD,CatBoost
lsbili_t_r,0.5080159559457867,CHD,CatBoost
txbram,0.5075705634369058,CHD,CatBoost
lldl_r,0.5062569514269516,CHD,CatBoost
txvad,0.5052392442890971,CHD,CatBoost
chd_pspl,0.5023264044790667,CHD,CatBoost
chd_unk,0.5018307122951141,CHD,CatBoost
txbrp,0.5005852759377699,CHD,CatBoost
lspbnp_r,0.4963021660374988,CHD,CatBoost
txbaosat,0.48604260344789374,CHD,CatBoost
hxgi,0.4839549478979714,CHD,CatBoost
txpgi,0.4782623897429273,CHD,CatBoost
chd_dolv,0.4765760491050974,CHD,CatBoost
age_txpl_months,0.4765477844991558,CHD,CatBoost
atrskhst,0.47484355673011935,CHD,CatBoost
hxdiab,0.47436633215034063,CHD,CatBoost
lcrp_r,0.47291669065712494,CHD,CatBoost
chd_alcapa,0.47086192098746044,CHD,CatBoost
chd_tga,0.4687055081573837,CHD,CatBoost
chd_mr,0.4676553613479385,CHD,CatBoost
lsbpcw,0.4652261025000761,CHD,CatBoost
chd_ar,0.46408168239507697,CHD,CatBoost
hxvfib,0.45839452138449227,CHD,CatBoost
txmilrin,0.4581163693286745,CHD,CatBoost
atrial,0.4571221067038149,CHD,CatBoost
txbili_t_r_high,0.4477935692866392,CHD,CatBoost
lchol_r,0.4476614529245203,CHD,CatBoost
lshemo,0.4470176632493664,CHD,CatBoost
txaboinc,0.4455867114907271,CHD,CatBoost
hxple,0.444595871989761,CHD,CatBoost
lsdopa,0.4432033557300126,CHD,CatBoost
lsnitro,0.43833079241206135,CHD,CatBoost
ebv,0.43802421887303195,CHD,CatBoost
hxmit,0.4343685530719666,CHD,CatBoost
lsmshemo,0.4337782345713531,CHD,CatBoost
rdobdose,0.4327724301243967,CHD,CatBoost
donspac,0.42907331951124905,CHD,CatBoost
hbsag,0.4271832733599178,CHD,CatBoost
txnomcsd,0.42643545669540917,CHD,CatBoost
txbci,0.42368518338400074,CHD,CatBoost
lsvaso,0.42277067179535344,CHD,CatBoost
txhdl_r,0.4174949588583744,CHD,CatBoost
dcircod,0.4169031244617569,CHD,CatBoost
chd_hb,0.4146680658362405,CHD,CatBoost
chd_aa,0.4143817502950905,CHD,CatBoost
lpace,0.4135285808342855,CHD,CatBoost
hxaicd,0.41263305784420473,CHD,CatBoost
lsaboinc,0.41019910243536584,CHD,CatBoost
lsnyha,0.4086925723259174,CHD,CatBoost
lsdobut,0.4050863838948458,CHD,CatBoost
lsbili_d_r,0.40378461754205264,CHD,CatBoost
hxprenat,0.3997041351516293,CHD,CatBoost
txsvcsat,0.39163094124697584,CHD,CatBoost
lsprocm,0.3888386193048639,CHD,CatBoost
hxdysdia,0.3843943208881864,CHD,CatBoost
dtime,0.3841821537641253,CHD,CatBoost
statlist,0.3809193378982721,CHD,CatBoost
txalt_high,0.3795327467192409,CHD,CatBoost
aaschool,0.3750520599071317,CHD,CatBoost
chd_shone,0.37434060431262933,CHD,CatBoost
chd_pa,0.37383438975634126,CHD,CatBoost
chd_ps,0.37011922192315483,CHD,CatBoost
hxmarfns,0.36729364134111725,CHD,CatBoost
tdsaunk,0.36650368860631094,CHD,CatBoost
hxcva,0.36635564321446384,CHD,CatBoost
slvent,0.3586904159357794,CHD,CatBoost
dmhinf,0.35767765830290854,CHD,CatBoost
chd_heter,0.3561646061356406,CHD,CatBoost
tdsacl2,0.3540514569208225,CHD,CatBoost
dhxnone,0.3528703115869591,CHD,CatBoost
txdobut,0.3511022424609559,CHD,CatBoost
tdsacl1,0.35099089968708674,CHD,CatBoost
hxotresp,0.3507209890040198,CHD,CatBoost
hxsurg,0.3479991700037407,CHD,CatBoost
lsmilrin,0.34690542106466216,CHD,CatBoost
hxvtach,0.34678103580138414,CHD,CatBoost
lsbpam,0.3447816995684829,CHD,CatBoost
cpr,0.34272535251332553,CHD,CatBoost
txisupro,0.33912677325044427,CHD,CatBoost
lsldpt,0.3365034557473241,CHD,CatBoost
txbrs,0.33501404577965144,CHD,CatBoost
chd_iivc,0.3326177544737914,CHD,CatBoost
hxarryth,0.33046628692424374,CHD,CatBoost
bicaval,0.3279037349692969,CHD,CatBoost
donspecp,0.32477192731506527,CHD,CatBoost
debv,0.3234765939807763,CHD,CatBoost
chd_raa,0.3219780353644558,CHD,CatBoost
lsphen,0.318285134208754,CHD,CatBoost
lscntry,0.3153471565944171,CHD,CatBoost
dtoxo,0.30383107900594775,CHD,CatBoost
tdsacomp,0.3035892844071016,CHD,CatBoost
chd_avd,0.3029452274634558,CHD,CatBoost
txepine,0.29858456430733427,CHD,CatBoost
slvad,0.2983787234843952,CHD,CatBoost
hxiso,0.2936571475658217,CHD,CatBoost
hxsyn,0.2931292381562931,CHD,CatBoost
txfcpra,0.2929805677732436,CHD,CatBoost
lspge,0.29262337337858096,CHD,CatBoost
txdcd,0.2912522536954635,CHD,CatBoost
dptxecho,0.29077675756384513,CHD,CatBoost
egfr_listing_cat,0.28976818543932714,CHD,CatBoost
lsbci,0.2870910961306768,CHD,CatBoost
hxtrach,0.28646710030103967,CHD,CatBoost
chd_ma,0.2861259856159129,CHD,CatBoost
lsnox,0.2861163461094953,CHD,CatBoost
draboat,0.2859728785587608,CHD,CatBoost
dcmv,0.2853050112177545,CHD,CatBoost
chd_tof,0.2848397589126591,CHD,CatBoost
txhemagt,0.28277186018831985,CHD,CatBoost
spschool,0.2823559955929117,CHD,CatBoost
chd_patrd,0.28112023896061045,CHD,CatBoost
toxo,0.2809281991516468,CHD,CatBoost
hxrenins,0.2808081561805257,CHD,CatBoost
atrskshs,0.2807878370907741,CHD,CatBoost
txcrp_r,0.2807422050741645,CHD,CatBoost
lsbrs,0.2806583756742721,CHD,CatBoost
hxshock,0.2787750324514294,CHD,CatBoost
techunk,0.2784843072057606,CHD,CatBoost
hbcab,0.27792359757235585,CHD,CatBoost
chd_dilv,0.2749041557648856,CHD,CatBoost
cancpro,0.2748905044319345,CHD,CatBoost
hxsolorg,0.2731111710618186,CHD,CatBoost
anxinj,0.2715416588519747,CHD,CatBoost
hxfonlvr,0.27152827142420066,CHD,CatBoost
cprmin,0.27091495107732483,CHD,CatBoost
dhbcab,0.2692877518023723,CHD,CatBoost
hxasplen,0.2691480279336872,CHD,CatBoost
slecmo,0.26763954334169016,CHD,CatBoost
pacemake,0.26754751555749273,CHD,CatBoost
lspalb_r,0.26743300203522063,CHD,CatBoost
don_epi,0.2667723864481463,CHD,CatBoost
hxcpr,0.2659043016581676,CHD,CatBoost
txo2,0.26534921713799287,CHD,CatBoost
lvldl_r,0.2652570610196459,CHD,CatBoost
hxfonlvr_bin,0.26455473167521665,CHD,CatBoost
injdrugs,0.2630689939408723,CHD,CatBoost
hxnoonan,0.2575775727388737,CHD,CatBoost
hemdilut,0.25648942404910446,CHD,CatBoost
hxpermyo,0.25438934793020745,CHD,CatBoost
txidtsys,0.2532144114842386,CHD,CatBoost
hxrespun,0.25054435476023484,CHD,CatBoost
hxmet,0.24962377639761876,CHD,CatBoost
chd_lvotoas,0.24961871256547888,CHD,CatBoost
txinhosp,0.24884472675582467,CHD,CatBoost
lsunkn,0.2462172448307782,CHD,CatBoost
lsfpres,0.24418214061507393,CHD,CatBoost
txpge,0.24406166643708058,CHD,CatBoost
slhosp,0.2430326829126441,CHD,CatBoost
don_t4,0.24290105094418918,CHD,CatBoost
txhemo,0.2418634458906239,CHD,CatBoost
hxneuro,0.24164581498131435,CHD,CatBoost
txphneo,0.24028154805408164,CHD,CatBoost
rdopdose,0.2383033526917335,CHD,CatBoost
chd_triat,0.2377469271934369,CHD,CatBoost
chd_hrh,0.23440171808904287,CHD,CatBoost
txdopa,0.23264015076261219,CHD,CatBoost
hxdigorg,0.2322951597319575,CHD,CatBoost
chd_si,0.23032313525451634,CHD,CatBoost
txedp,0.22954008319278385,CHD,CatBoost
txsilden,0.22609099264974672,CHD,CatBoost
slinods,0.2232615200438795,CHD,CatBoost
egfr_tx_cat,0.2226413242637224,CHD,CatBoost
txpbnp_r,0.22023145999800015,CHD,CatBoost
chd_vsd,0.21689378857604494,CHD,CatBoost
don_levo,0.21310780957777045,CHD,CatBoost
hxdowns,0.2127395359877602,CHD,CatBoost
txchol_r,0.21233214511238765,CHD,CatBoost
lspcmt,0.20996915706962963,CHD,CatBoost
txfontp,0.2041053775237462,CHD,CatBoost
neuroth,0.2036099417042389,CHD,CatBoost
lhdl_r,0.20264378853342843,CHD,CatBoost
don_oth,0.20070430808680687,CHD,CatBoost
ttmaxvo2,0.20055845373086104,CHD,CatBoost
don_t3,0.19898363549879103,CHD,CatBoost
tdsa,0.19634857353975715,CHD,CatBoost
hxplyspl,0.19413614063921633,CHD,CatBoost
hxisousp,0.19119600350182897,CHD,CatBoost
roprdsc1,0.18788684554698357,CHD,CatBoost
riskothr,0.1860863939009119,CHD,CatBoost
chd_tapvr,0.1849579721575882,CHD,CatBoost
txicu,0.18131561079103573,CHD,CatBoost
dabotype,0.18107220509711833,CHD,CatBoost
chd_mstn,0.17957389586873412,CHD,CatBoost
hxmalig,0.1775493577180817,CHD,CatBoost
don_mil,0.17621717213660865,CHD,CatBoost
hxturner,0.16894719447316697,CHD,CatBoost
donspxm,0.1677256154258047,CHD,CatBoost
hxisoth,0.16469840888548734,CHD,CatBoost
don_dob,0.1608821403706373,CHD,CatBoost
hiscanc,0.16022741711422583,CHD,CatBoost
efind,0.15948094076998562,CHD,CatBoost
hxsyn_u,0.1543899999052138,CHD,CatBoost
chd_dex,0.15107906345407793,CHD,CatBoost
lssild,0.1480824054569576,CHD,CatBoost
ltxtrach,0.14595923867599842,CHD,CatBoost
txnorepi,0.14322594124938953,CHD,CatBoost
drpr,0.14015539200599256,CHD,CatBoost
dhcab,0.13716323193377702,CHD,CatBoost
txldpt,0.13115453639640617,CHD,CatBoost
dptxangi,0.12643305746588607,CHD,CatBoost
chd_bivc,0.12290897172004048,CHD,CatBoost
hxwillim,0.1227895479291804,CHD,CatBoost
don_nsyn,0.1212659120600243,CHD,CatBoost
lshnes,0.11971221302900915,CHD,CatBoost
txvasopr,0.11624785224310599,CHD,CatBoost
riskunk,0.11245472576208754,CHD,CatBoost
txpalb_r,0.10355447152218938,CHD,CatBoost
status_txpl,0.10115967684824374,CHD,CatBoost
dhbsag,0.09841812755702195,CHD,CatBoost
dhxunk,0.0850807275882107,CHD,CatBoost
slddpsc,0.08405264974723804,CHD,CatBoost
dmhhyten,0.08360942453549773,CHD,CatBoost
dmhdiab,0.07935185069746768,CHD,CatBoost
mitreg,0.0763795010906314,CHD,CatBoost
abseptmo,0.0732587576828457,CHD,CatBoost
hiv,0.062173016474750695,CHD,CatBoost
hxlymleu,0.04938884331960163,CHD,CatBoost
efindunk,0.049348586087161445,CHD,CatBoost
txldl_r,0.046959547072352406,CHD,CatBoost
pcage,0.042478649806803895,CHD,CatBoost
trireg,0.03497633447774427,CHD,CatBoost
ttrmax,0.03227278657242048,CHD,CatBoost
dhxinsul,0.024162070158341657,CHD,CatBoost
dhiv,0.01632235218598347,CHD,CatBoost
primels,0.015295388400767777,CHD,CatBoost
txvldl_r,0.009320102208657102,CHD,CatBoost
canlocpr,0.005805702282734041,CHD,CatBoost
fwma,0.0055771535398590555,CHD,CatBoost
canlocsp,0.004484551403083478,CHD,CatBoost
hxinsul,0.0023022353978877914,CHD,CatBoost
hxmitty,2.0691373203424692e-4,CHD,CatBoost
ptlt18,5.467309896717073e-5,CHD,CatBoost
