iter	Cox
0	-4363.458182
1	-4348.087808
2	-4332.761226
3	-4317.133475
4	-4301.112061
5	-4285.574821
6	-4271.900115
7	-4257.785562
8	-4244.480245
9	-4230.407392
10	-4216.080038
11	-4201.481753
12	-4188.453344
13	-4175.718754
14	-4162.593668
15	-4149.908349
16	-4137.512496
17	-4124.577516
18	-4112.67389
19	-4100.525652
20	-4088.210906
21	-4075.84234
22	-4064.38053
23	-4053.821298
24	-4043.037656
25	-4031.820417
26	-4020.383632
27	-4009.529833
28	-3998.706073
29	-3988.569417
30	-3978.098024
31	-3967.827375
32	-3958.175236
33	-3948.833409
34	-3939.391021
35	-3930.083913
36	-3920.753577
37	-3911.790318
38	-3903.136583
39	-3893.984742
40	-3885.200809
41	-3876.81424
42	-3868.362962
43	-3860.152694
44	-3852.221336
45	-3844.809636
46	-3837.110918
47	-3829.540802
48	-3821.889934
49	-3814.384424
50	-3805.506035
51	-3796.909146
52	-3788.500039
53	-3780.67144
54	-3773.92923
55	-3767.096394
56	-3759.178723
57	-3752.649666
58	-3746.217938
59	-3740.125371
60	-3732.372465
61	-3724.965509
62	-3718.859824
63	-3711.857609
64	-3705.829713
65	-3699.967475
66	-3694.191195
67	-3688.635204
68	-3681.552145
69	-3675.935605
70	-3670.607783
71	-3663.81829
72	-3658.829589
73	-3653.616151
74	-3647.592311
75	-3641.566397
76	-3635.186059
77	-3630.281552
78	-3624.045864
79	-3618.126486
80	-3612.122459
81	-3607.45716
82	-3601.826502
83	-3596.10439
84	-3591.753073
85	-3586.341234
86	-3581.043792
87	-3575.266339
88	-3569.861128
89	-3564.25208
90	-3558.510354
91	-3553.273675
92	-3547.954468
93	-3543.227296
94	-3537.633383
95	-3532.750294
96	-3527.674974
97	-3524.148747
98	-3519.08754
99	-3513.812562
100	-3509.072953
101	-3504.193327
102	-3499.711951
103	-3495.007307
104	-3490.247964
105	-3485.740184
106	-3481.127178
107	-3476.919595
108	-3472.90016
109	-3468.451285
110	-3464.509461
111	-3460.310435
112	-3456.387509
113	-3452.162896
114	-3447.847956
115	-3443.433291
116	-3439.543291
117	-3435.438588
118	-3431.634204
119	-3427.544099
120	-3423.572384
121	-3419.657722
122	-3415.982964
123	-3412.324348
124	-3408.767278
125	-3404.721096
126	-3400.893137
127	-3397.349551
128	-3393.930192
129	-3390.424267
130	-3386.816386
131	-3383.841886
132	-3380.371088
133	-3376.609524
134	-3373.214138
135	-3369.855732
136	-3366.50218
137	-3363.481562
138	-3360.461111
139	-3357.197903
140	-3353.705705
141	-3350.385183
142	-3346.862116
143	-3344.658169
144	-3341.4034
145	-3338.377426
146	-3335.062707
147	-3331.859128
148	-3329.213862
149	-3326.47833
150	-3323.604399
151	-3320.298019
152	-3317.144084
153	-3314.331957
154	-3311.106693
155	-3308.544929
156	-3305.782133
157	-3303.02748
158	-3299.920553
159	-3297.348554
160	-3294.485213
161	-3291.755788
162	-3289.359257
163	-3286.797184
164	-3283.632388
165	-3281.126223
166	-3278.544767
167	-3276.2049
168	-3273.916405
169	-3271.243107
170	-3268.832808
171	-3266.451552
172	-3264.088038
173	-3261.74765
174	-3259.465086
175	-3257.22361
176	-3254.43807
177	-3251.818592
178	-3249.597215
179	-3247.371076
180	-3245.266491
181	-3242.356306
182	-3239.586745
183	-3237.167984
184	-3234.775032
185	-3232.192968
186	-3229.694666
187	-3226.874645
188	-3224.490928
189	-3222.050415
190	-3219.365691
191	-3216.915333
192	-3214.308988
193	-3212.000163
194	-3209.750414
195	-3207.848716
196	-3205.709126
197	-3203.622112
198	-3201.65786
199	-3199.174761
200	-3197.407789
201	-3195.120859
202	-3192.843016
203	-3190.39037
204	-3188.00749
205	-3186.176757
206	-3184.180082
207	-3182.272134
208	-3180.027203
209	-3178.204384
210	-3176.44474
211	-3174.251611
212	-3172.163375
213	-3170.150562
214	-3168.389038
215	-3166.483491
216	-3164.801609
217	-3162.469403
218	-3160.28753
219	-3158.196309
220	-3156.359383
221	-3154.621905
222	-3152.711383
223	-3150.909895
224	-3149.356872
225	-3147.847982
226	-3145.624017
227	-3143.941968
228	-3142.255566
229	-3140.124942
230	-3137.990827
231	-3135.847602
232	-3134.004177
233	-3131.892549
234	-3129.920458
235	-3127.751204
236	-3125.529873
237	-3124.002832
238	-3122.338534
239	-3120.381267
240	-3118.613027
241	-3116.979897
242	-3114.964842
243	-3112.9539
244	-3110.982588
245	-3109.143825
246	-3107.194305
247	-3105.292232
248	-3103.39579
249	-3101.484977
250	-3099.401227
251	-3097.869069
252	-3096.551909
253	-3094.761456
254	-3092.516329
255	-3090.544393
256	-3089.14875
257	-3087.331058
258	-3085.42617
259	-3083.694717
260	-3081.930639
261	-3080.242322
262	-3078.48274
263	-3077.186685
264	-3075.286273
265	-3073.525353
266	-3071.955852
267	-3070.184945
268	-3068.301033
269	-3066.488389
270	-3064.608367
271	-3062.983305
272	-3061.384307
273	-3059.749629
274	-3058.178867
275	-3056.192521
276	-3054.430746
277	-3052.687878
278	-3050.886858
279	-3049.326521
280	-3047.810683
281	-3046.124142
282	-3044.390829
283	-3042.518103
284	-3040.89179
285	-3038.898834
286	-3036.882007
287	-3035.435297
288	-3033.653233
289	-3031.966598
290	-3030.044521
291	-3028.535799
292	-3026.97432
293	-3025.196675
294	-3023.305914
295	-3021.705763
296	-3020.05496
297	-3018.23871
298	-3016.573579
299	-3014.954618
300	-3013.441531
301	-3011.889729
302	-3010.105715
303	-3008.783644
304	-3007.51043
305	-3005.895575
306	-3004.108954
307	-3002.516691
308	-3000.914245
309	-2999.294695
310	-2997.55595
311	-2996.056186
312	-2994.330962
313	-2992.827072
314	-2991.30204
315	-2989.846033
316	-2988.177536
317	-2986.838749
318	-2985.149747
319	-2983.662607
320	-2982.010967
321	-2980.516311
322	-2979.007301
323	-2977.345438
324	-2975.736077
325	-2974.151092
326	-2972.496068
327	-2971.195557
328	-2969.803547
329	-2968.255656
330	-2966.972967
331	-2965.523671
332	-2964.218308
333	-2962.596439
334	-2961.156134
335	-2959.636576
336	-2958.110445
337	-2956.679252
338	-2955.163964
339	-2953.677339
340	-2952.139195
341	-2950.645501
342	-2949.175351
343	-2947.708824
344	-2946.265018
345	-2944.841349
346	-2943.487286
347	-2942.154709
348	-2940.788147
349	-2939.413832
350	-2938.015844
351	-2936.709338
352	-2935.45795
353	-2934.172416
354	-2932.841633
355	-2931.535717
356	-2930.173936
357	-2928.778816
358	-2927.425289
359	-2926.148532
360	-2924.801311
361	-2923.49267
362	-2922.190016
363	-2920.853851
364	-2919.613966
365	-2918.263799
366	-2917.047115
367	-2915.856362
368	-2914.542815
369	-2913.272936
370	-2911.996961
371	-2910.802557
372	-2909.608173
373	-2908.318008
374	-2907.133279
375	-2905.871009
376	-2904.615526
377	-2903.378926
378	-2902.230404
379	-2901.165054
380	-2899.930746
381	-2898.756833
382	-2897.565808
383	-2896.328033
384	-2895.159009
385	-2894.022018
386	-2892.88424
387	-2891.668299
388	-2890.505233
389	-2889.385922
390	-2888.20819
391	-2887.097469
392	-2885.998069
393	-2884.877801
394	-2883.902669
395	-2882.977824
396	-2881.887897
397	-2880.812821
398	-2879.733343
399	-2878.658764
400	-2877.593095
401	-2876.398241
402	-2875.36806
403	-2874.43089
404	-2873.365897
405	-2872.248803
406	-2871.074416
407	-2869.967567
408	-2868.859675
409	-2867.941665
410	-2866.812892
411	-2865.783367
412	-2864.647193
413	-2863.690848
414	-2862.604441
415	-2861.533528
416	-2860.437274
417	-2859.55976
418	-2858.546452
419	-2857.665083
420	-2856.684634
421	-2855.816278
422	-2854.963997
423	-2853.974278
424	-2853.134023
425	-2852.143471
426	-2851.08933
427	-2850.054437
428	-2849.071702
429	-2848.244496
430	-2847.254168
431	-2846.262546
432	-2845.278838
433	-2844.470845
434	-2843.519603
435	-2842.489925
436	-2841.529599
437	-2840.521872
438	-2839.733576
439	-2838.778615
440	-2837.812335
441	-2837.023365
442	-2836.045903
443	-2834.995794
444	-2834.196221
445	-2833.306201
446	-2832.551593
447	-2831.535101
448	-2830.617256
449	-2829.816679
450	-2828.792286
451	-2827.883977
452	-2826.978076
453	-2825.991801
454	-2825.104072
455	-2824.321217
456	-2823.419846
457	-2822.495626
458	-2821.77725
459	-2821.008827
460	-2820.279323
461	-2819.356834
462	-2818.65284
463	-2817.743899
464	-2816.830576
465	-2815.904843
466	-2814.984781
467	-2814.10963
468	-2813.258989
469	-2812.366127
470	-2811.469904
471	-2810.584042
472	-2809.683386
473	-2808.991517
474	-2808.113043
475	-2807.242048
476	-2806.365239
477	-2805.508172
478	-2804.648746
479	-2803.787053
480	-2802.961473
481	-2802.079847
482	-2801.472075
483	-2800.667561
484	-2799.992411
485	-2799.348721
486	-2798.529194
487	-2797.672865
488	-2796.898804
489	-2796.267181
490	-2795.640459
491	-2794.811628
492	-2794.117505
493	-2793.497236
494	-2792.65846
495	-2792.080982
496	-2791.198728
497	-2790.416895
498	-2789.604349
499	-2788.834555
500	-2787.997933
501	-2787.174069
502	-2786.332849
503	-2785.533082
504	-2784.870089
505	-2784.18359
506	-2783.560109
507	-2782.789656
508	-2782.007149
509	-2781.367422
510	-2780.74067
511	-2779.926082
512	-2779.153175
513	-2778.576468
514	-2777.990715
515	-2777.410223
516	-2776.63546
517	-2775.873678
518	-2775.07253
519	-2774.282153
520	-2773.606413
521	-2773.048941
522	-2772.261489
523	-2771.503165
524	-2770.841937
525	-2770.088893
526	-2769.331032
527	-2768.565925
528	-2767.792466
529	-2766.992326
530	-2766.314467
531	-2765.565344
532	-2764.817398
533	-2764.209847
534	-2763.474283
535	-2762.93289
536	-2762.214094
537	-2761.502398
538	-2760.919614
539	-2760.346877
540	-2759.768672
541	-2759.042853
542	-2758.302985
543	-2757.642819
544	-2757.187392
545	-2756.470292
546	-2755.915654
547	-2755.214414
548	-2754.527168
549	-2753.831395
550	-2753.115235
551	-2752.411523
552	-2751.72625
553	-2751.020301
554	-2750.533266
555	-2749.986969
556	-2749.302711
557	-2748.649096
558	-2747.957292
559	-2747.288357
560	-2746.64636
561	-2745.929215
562	-2745.216014
563	-2744.516579
564	-2743.991168
565	-2743.34818
566	-2742.694921
567	-2742.013944
568	-2741.366885
569	-2740.675366
570	-2739.987496
571	-2739.305613
572	-2738.653063
573	-2738.028738
574	-2737.397439
575	-2736.734168
576	-2736.101544
577	-2735.588665
578	-2734.91599
579	-2734.245719
580	-2733.76063
581	-2733.155311
582	-2732.493646
583	-2731.865942
584	-2731.236154
585	-2730.700106
586	-2730.054751
587	-2729.43427
588	-2728.757589
589	-2728.150067
590	-2727.494005
591	-2727.016402
592	-2726.553741
593	-2725.944777
594	-2725.371329
595	-2724.917997
596	-2724.311698
597	-2723.677191
598	-2723.073525
599	-2722.475484
600	-2721.860516
601	-2721.436652
602	-2720.907528
603	-2720.327074
604	-2719.728597
605	-2719.141712
606	-2718.591313
607	-2717.986378
608	-2717.557147
609	-2716.940535
610	-2716.348959
611	-2715.766273
612	-2715.193505
613	-2714.772226
614	-2714.308738
615	-2713.762044
616	-2713.173987
617	-2712.614535
618	-2712.037507
619	-2711.463922
620	-2710.909714
621	-2710.323914
622	-2709.700774
623	-2709.286912
624	-2708.668685
625	-2708.107495
626	-2707.518877
627	-2707.115594
628	-2706.594201
629	-2706.001464
630	-2705.597371
631	-2705.050176
632	-2704.666421
633	-2704.123631
634	-2703.598696
635	-2703.026544
636	-2702.638183
637	-2702.095364
638	-2701.724745
639	-2701.176326
640	-2700.636077
641	-2700.076085
642	-2699.510278
643	-2699.129665
644	-2698.599126
645	-2698.226364
646	-2697.634499
647	-2697.265668
648	-2696.725191
649	-2696.360669
650	-2696.021619
651	-2695.679663
652	-2695.324092
653	-2694.989207
654	-2694.649621
655	-2694.321903
656	-2693.779959
657	-2693.434675
658	-2692.924264
659	-2692.352282
660	-2692.004009
661	-2691.501801
662	-2691.16448
663	-2690.666787
664	-2690.138838
665	-2689.61297
666	-2689.30354
667	-2688.805817
668	-2688.276579
669	-2687.949319
670	-2687.454081
671	-2686.944466
672	-2686.473404
673	-2685.94449
674	-2685.45708
675	-2685.1431
676	-2684.668921
677	-2684.382759
678	-2684.071617
679	-2683.528845
680	-2683.098713
681	-2682.612972
682	-2682.133174
683	-2681.854941
684	-2681.426946
685	-2680.968571
686	-2680.509466
687	-2680.032833
688	-2679.556177
689	-2679.09431
690	-2678.639753
691	-2678.290025
692	-2677.819336
693	-2677.508963
694	-2677.216436
695	-2676.755712
696	-2676.440533
697	-2676.160292
698	-2675.668037
699	-2675.166855
700	-2674.702896
701	-2674.354599
702	-2673.881131
703	-2673.420608
704	-2672.962235
705	-2672.484804
706	-2672.027182
707	-2671.543934
708	-2671.273796
709	-2670.932252
710	-2670.469514
711	-2670.213963
712	-2669.961424
713	-2669.499683
714	-2669.043251
715	-2668.639113
716	-2668.182377
717	-2667.914931
718	-2667.40547
719	-2666.947713
720	-2666.651421
721	-2666.206857
722	-2665.973782
723	-2665.500189
724	-2665.057297
725	-2664.556776
726	-2664.279058
727	-2664.021699
728	-2663.537806
729	-2663.29116
730	-2663.014196
731	-2662.569401
732	-2662.150868
733	-2661.69806
734	-2661.476553
735	-2661.227886
736	-2660.800393
737	-2660.386785
738	-2660.14154
739	-2659.876982
740	-2659.665297
741	-2659.19309
742	-2658.800142
743	-2658.418988
744	-2657.944282
745	-2657.70184
746	-2657.496986
747	-2657.120923
748	-2656.919304
749	-2656.659511
750	-2656.276153
751	-2655.852306
752	-2655.419533
753	-2655.092592
754	-2654.712154
755	-2654.27273
756	-2653.858944
757	-2653.455442
758	-2653.262043
759	-2652.820358
760	-2652.456287
761	-2652.034673
762	-2651.641624
763	-2651.24653
764	-2650.856824
765	-2650.470882
766	-2650.061382
767	-2649.610277
768	-2649.221132
769	-2648.975077
770	-2648.629254
771	-2648.407412
772	-2647.942663
773	-2647.732351
774	-2647.351074
775	-2647.132354
776	-2646.785837
777	-2646.437699
778	-2646.258313
779	-2646.080989
780	-2645.732299
781	-2645.387869
782	-2644.96656
783	-2644.784167
784	-2644.441448
785	-2644.101516
786	-2643.737589
787	-2643.301215
788	-2643.122893
789	-2642.708073
790	-2642.500368
791	-2642.198415
792	-2641.91711
793	-2641.576261
794	-2641.380607
795	-2641.039903
796	-2640.625486
797	-2640.237148
798	-2639.853372
799	-2639.449823
800	-2639.054555
801	-2638.854024
802	-2638.500349
803	-2638.164487
804	-2637.989323
805	-2637.654596
806	-2637.254712
807	-2636.892626
808	-2636.558717
809	-2636.414113
810	-2636.030918
811	-2635.670817
812	-2635.251188
813	-2635.05827
814	-2634.914432
815	-2634.723735
816	-2634.351004
817	-2634.013567
818	-2633.634713
819	-2633.488217
820	-2633.157542
821	-2632.840637
822	-2632.678605
823	-2632.323884
824	-2632.114156
825	-2631.930427
826	-2631.540149
827	-2631.401008
828	-2631.311749
829	-2631.175439
830	-2630.99612
831	-2630.78159
832	-2630.442403
833	-2630.309292
834	-2630.159534
835	-2629.854443
836	-2629.484936
837	-2629.312216
838	-2628.95701
839	-2628.683232
840	-2628.354525
841	-2628.021996
842	-2627.661906
843	-2627.330075
844	-2627.002535
845	-2626.859733
846	-2626.726721
847	-2626.430097
848	-2626.082455
849	-2625.789974
850	-2625.65976
851	-2625.3468
852	-2625.035114
853	-2624.842046
854	-2624.714561
855	-2624.588391
856	-2624.269922
857	-2624.03937
858	-2623.867939
859	-2623.615549
860	-2623.472891
861	-2623.303673
862	-2622.965169
863	-2622.765719
864	-2622.455385
865	-2622.149024
866	-2621.970593
867	-2621.880274
868	-2621.814278
869	-2621.649541
870	-2621.293039
871	-2621.182707
872	-2621.02762
873	-2620.942182
874	-2620.788691
875	-2620.487415
876	-2620.176099
877	-2619.863425
878	-2619.703649
879	-2619.495653
880	-2619.357343
881	-2619.142785
882	-2618.827423
883	-2618.722047
884	-2618.575091
885	-2618.370336
886	-2618.158491
887	-2618.076573
888	-2617.786426
889	-2617.600961
890	-2617.392888
891	-2617.317393
892	-2617.17472
893	-2616.872458
894	-2616.706497
895	-2616.410109
896	-2616.111729
897	-2615.952363
898	-2615.662723
899	-2615.697153
900	-2615.367553
901	-2615.072735
902	-2614.923432
903	-2614.637314
904	-2614.345408
905	-2614.174416
906	-2613.891921
907	-2613.823222
908	-2613.623914
909	-2613.498901
910	-2613.175559
911	-2612.898177
912	-2612.806847
913	-2612.519922
914	-2612.223671
915	-2612.101216
916	-2612.036812
917	-2611.752522
918	-2611.557491
919	-2611.363416
920	-2611.297539
921	-2611.126774
922	-2610.952507
923	-2610.839709
924	-2610.711795
925	-2610.543913
926	-2610.262158
927	-2610.082104
928	-2609.891563
929	-2609.619939
930	-2609.421672
931	-2609.135057
932	-2609.025979
933	-2608.843174
934	-2608.535667
935	-2608.269608
936	-2608.146958
937	-2607.937724
938	-2607.636698
939	-2607.471791
940	-2607.194652
941	-2606.917544
942	-2606.868824
943	-2606.766286
944	-2606.587817
945	-2606.404029
946	-2606.238688
947	-2606.095276
948	-2605.915426
949	-2605.645059
950	-2605.440826
951	-2605.171826
952	-2605.054592
953	-2604.891459
954	-2604.624824
955	-2604.442249
956	-2604.176265
957	-2604.080507
958	-2603.974443
959	-2603.779105
960	-2603.519692
961	-2603.29463
962	-2602.998623
963	-2602.742773
964	-2602.521724
965	-2602.366024
966	-2602.323738
967	-2602.138265
968	-2601.919072
969	-2601.878028
970	-2601.714101
971	-2601.619977
972	-2601.521089
973	-2601.344531
974	-2601.091569
975	-2600.887172
976	-2600.736352
977	-2600.607672
978	-2600.446227
979	-2600.166116
980	-2600.074984
981	-2599.984845
982	-2599.825752
983	-2599.632127
984	-2599.387574
985	-2599.298261
986	-2599.10489
987	-2599.016484
988	-2598.761612
989	-2598.521792
990	-2598.356319
991	-2598.269668
992	-2598.114714
993	-2598.042175
994	-2598.00576
995	-2597.761075
996	-2597.614028
997	-2597.441653
998	-2597.227469
999	-2597.101926
1000	-2596.870382
1001	-2596.619079
1002	-2596.409969
1003	-2596.14497
1004	-2595.891126
1005	-2595.80718
1006	-2595.778038
1007	-2595.521816
1008	-2595.337893
1009	-2595.170734
1010	-2595.002164
1011	-2594.92046
1012	-2594.746695
1013	-2594.507278
1014	-2594.351674
1015	-2594.228323
1016	-2594.202236
1017	-2593.95328
1018	-2593.826376
1019	-2593.60256
1020	-2593.49364
1021	-2593.469
1022	-2593.310269
1023	-2593.232598
1024	-2593.012479
1025	-2592.85516
1026	-2592.676841
1027	-2592.592551
1028	-2592.445778
1029	-2592.319399
1030	-2592.164578
1031	-2591.954687
1032	-2591.843321
1033	-2591.606872
1034	-2591.53141
1035	-2591.416194
1036	-2591.214243
1037	-2591.193544
1038	-2591.119967
1039	-2590.995322
1040	-2590.774084
1041	-2590.750685
1042	-2590.565183
1043	-2590.493738
1044	-2590.248819
1045	-2590.041228
1046	-2589.888433
1047	-2589.747872
1048	-2589.616398
1049	-2589.546377
1050	-2589.314425
1051	-2589.097294
1052	-2589.028303
1053	-2588.89662
1054	-2588.828498
1055	-2588.761138
1056	-2588.530677
1057	-2588.315114
1058	-2588.236066
1059	-2588.1046
1060	-2588.013797
1061	-2587.873933
1062	-2587.808635
1063	-2587.665086
1064	-2587.444861
1065	-2587.216183
1066	-2587.203413
1067	-2587.081247
1068	-2586.848059
1069	-2586.603385
1070	-2586.456222
1071	-2586.352208
1072	-2586.290063
1073	-2586.078444
1074	-2585.934848
1075	-2585.7133
1076	-2585.573585
1077	-2585.341336
1078	-2585.32645
1079	-2585.151887
1080	-2585.142095
1081	-2584.997702
1082	-2584.82848
1083	-2584.628891
1084	-2584.467211
1085	-2584.321344
1086	-2584.312646
1087	-2584.176644
1088	-2583.999241
1089	-2583.940658
1090	-2583.771724
1091	-2583.555503
1092	-2583.456122
1093	-2583.321282
1094	-2583.104798
1095	-2582.893081
1096	-2582.737577
1097	-2582.59643
1098	-2582.358871
1099	-2582.23806
1100	-2582.109224
1101	-2581.978279
1102	-2581.972407
1103	-2581.810625
1104	-2581.754951
1105	-2581.69992
1106	-2581.645526
1107	-2581.525284
1108	-2581.366424
1109	-2581.151414
1110	-2581.128127
1111	-2580.957045
1112	-2580.903523
1113	-2580.850621
1114	-2580.847616
1115	-2580.717649
1116	-2580.666055
1117	-2580.451031
1118	-2580.449058
1119	-2580.228638
1120	-2580.017725
1121	-2579.967369
1122	-2579.837801
1123	-2579.610367
1124	-2579.469102
1125	-2579.419344
1126	-2579.179016
1127	-2579.041385
1128	-2578.992031
1129	-2578.78195
1130	-2578.590886
1131	-2578.436925
1132	-2578.431314
1133	-2578.431246
1134	-2578.313355
1135	-2578.213182
1136	-2578.09652
1137	-2577.909269
1138	-2577.696659
1139	-2577.571591
1140	-2577.404633
1141	-2577.270646
1142	-2577.047126
1143	-2576.837081
1144	-2576.699082
1145	-2576.482544
1146	-2576.360299
1147	-2576.155713
1148	-2576.108757
1149	-2575.897902
1150	-2575.85139
1151	-2575.705332
1152	-2575.50241
1153	-2575.504503
1154	-2575.363124
1155	-2575.240801
1156	-2575.023403
1157	-2574.854617
1158	-2574.809145
1159	-2574.748975
1160	-2574.584777
1161	-2574.519311
1162	-2574.475108
1163	-2574.399322
1164	-2574.279304
1165	-2574.204206
1166	-2574.208218
1167	-2574.072172
1168	-2574.076946
1169	-2573.900184
1170	-2573.858391
1171	-2573.666244
1172	-2573.559977
1173	-2573.518395
1174	-2573.38651
1175	-2573.371049
1176	-2573.192766
1177	-2573.030973
1178	-2572.958623
1179	-2572.756575
1180	-2572.626909
1181	-2572.51021
1182	-2572.316572
1183	-2572.136782
1184	-2572.023649
1185	-2571.983115
1186	-2571.943059
1187	-2571.766907
1188	-2571.595978
1189	-2571.401234
1190	-2571.282509
1191	-2571.289141
1192	-2571.154847
1193	-2571.031365
1194	-2570.875368
1195	-2570.757823
1196	-2570.68618
1197	-2570.474959
1198	-2570.264876
1199	-2570.117413
1200	-2569.976269
1201	-2569.841697
1202	-2569.712856
1203	-2569.602204
1204	-2569.563167
1205	-2569.437417
1206	-2569.3214
1207	-2569.140854
1208	-2569.025778
1209	-2568.834607
1210	-2568.707326
1211	-2568.595249
1212	-2568.524948
1213	-2568.401156
1214	-2568.26911
1215	-2568.101013
1216	-2567.908005
1217	-2567.729866
1218	-2567.540411
1219	-2567.501997
1220	-2567.464022
1221	-2567.287606
1222	-2567.089373
1223	-2567.051399
1224	-2566.943899
1225	-2566.779606
1226	-2566.778024
1227	-2566.670395
1228	-2566.563877
1229	-2566.377109
1230	-2566.284868
1231	-2566.08549
1232	-2566.09368
1233	-2566.057411
1234	-2566.021543
1235	-2565.903869
1236	-2565.724332
1237	-2565.575174
1238	-2565.535974
1239	-2565.357971
1240	-2565.322412
1241	-2565.142823
1242	-2564.977051
1243	-2564.812812
1244	-2564.634299
1245	-2564.544093
1246	-2564.476654
1247	-2564.300023
1248	-2564.265785
1249	-2564.231938
1250	-2564.062876
1251	-2564.029463
1252	-2563.99643
1253	-2563.833338
1254	-2563.720407
1255	-2563.598667
1256	-2563.448321
1257	-2563.344069
1258	-2563.355968
1259	-2563.228958
1260	-2563.057281
1261	-2562.872397
1262	-2562.773141
1263	-2562.623284
1264	-2562.591253
1265	-2562.411628
1266	-2562.287292
1267	-2562.129829
1268	-2562.009589
1269	-2561.905343
1270	-2561.9171
1271	-2561.885558
1272	-2561.854372
1273	-2561.713177
1274	-2561.682243
1275	-2561.512448
1276	-2561.41505
1277	-2561.288037
1278	-2561.114916
1279	-2561.051084
1280	-2561.02079
1281	-2560.845042
1282	-2560.736916
1283	-2560.555803
1284	-2560.445996
1285	-2560.249486
1286	-2560.089626
1287	-2559.970367
1288	-2559.940115
1289	-2559.953118
1290	-2559.791304
1291	-2559.644661
1292	-2559.550763
1293	-2559.389865
1294	-2559.378002
1295	-2559.268042
1296	-2559.21137
1297	-2559.225177
1298	-2559.131972
1299	-2558.972221
1300	-2558.858987
1301	-2558.830487
1302	-2558.689716
1303	-2558.543976
1304	-2558.399412
1305	-2558.277746
1306	-2558.103486
1307	-2557.947898
1308	-2557.962214
1309	-2557.856536
1310	-2557.689174
1311	-2557.568609
1312	-2557.46366
1313	-2557.355507
1314	-2557.235378
1315	-2557.079602
1316	-2557.019724
1317	-2556.992066
1318	-2556.84712
1319	-2556.732786
1320	-2556.554815
1321	-2556.435849
1322	-2556.322327
1323	-2556.337498
1324	-2556.15805
1325	-2556.069533
1326	-2555.892857
1327	-2555.73765
1328	-2555.591775
1329	-2555.603874
1330	-2555.445021
1331	-2555.419064
1332	-2555.435448
1333	-2555.448185
1334	-2555.265855
1335	-2555.240719
1336	-2555.212072
1337	-2555.057361
1338	-2554.917067
1339	-2554.781885
1340	-2554.68055
1341	-2554.526919
1342	-2554.351583
1343	-2554.171874
1344	-2554.065413
1345	-2553.950266
1346	-2553.826479
1347	-2553.801939
1348	-2553.629114
1349	-2553.514875
1350	-2553.44118
1351	-2553.417138
1352	-2553.23211
1353	-2553.034605
1354	-2552.921867
1355	-2552.837889
1356	-2552.721917
1357	-2552.525323
1358	-2552.471369
1359	-2552.295987
1360	-2552.181886
1361	-2552.08335
1362	-2551.985785
1363	-2551.849782
1364	-2551.736892
1365	-2551.625394
1366	-2551.644238
1367	-2551.53622
1368	-2551.424162
1369	-2551.312336
1370	-2551.152923
1371	-2551.018642
1372	-2550.945697
1373	-2550.923055
1374	-2550.900682
1375	-2550.712683
1376	-2550.690476
1377	-2550.580362
1378	-2550.414093
1379	-2550.248144
1380	-2550.152082
1381	-2549.985136
1382	-2550.001022
1383	-2549.83654
1384	-2549.731848
1385	-2549.606173
1386	-2549.496074
1387	-2549.417134
1388	-2549.320553
1389	-2549.230586
1390	-2549.146256
1391	-2549.04316
1392	-2548.934478
1393	-2548.758331
1394	-2548.737259
1395	-2548.634949
1396	-2548.531373
1397	-2548.422629
1398	-2548.439373
1399	-2548.348402
1400	-2548.245673
1401	-2548.100017
1402	-2548.073982
1403	-2547.905631
1404	-2547.884905
1405	-2547.796043
1406	-2547.640144
1407	-2547.533525
1408	-2547.441939
1409	-2547.421271
1410	-2547.31269
1411	-2547.21159
1412	-2547.083751
1413	-2546.989169
1414	-2546.826096
1415	-2546.660252
1416	-2546.529472
1417	-2546.392976
1418	-2546.315831
1419	-2546.295338
1420	-2546.168826
1421	-2546.185301
1422	-2546.083712
1423	-2545.953687
1424	-2545.847653
1425	-2545.866821
1426	-2545.701785
1427	-2545.537362
1428	-2545.556453
1429	-2545.45398
1430	-2545.43446
1431	-2545.328766
1432	-2545.225896
1433	-2545.120831
1434	-2544.956804
1435	-2544.80073
1436	-2544.73129
1437	-2544.680524
1438	-2544.57918
1439	-2544.420449
1440	-2544.43999
1441	-2544.352288
1442	-2544.333427
1443	-2544.237338
1444	-2544.120422
1445	-2543.992721
1446	-2543.888592
1447	-2543.800921
1448	-2543.782224
1449	-2543.627712
1450	-2543.54126
1451	-2543.477851
1452	-2543.297936
1453	-2543.14513
1454	-2543.098149
1455	-2543.051372
1456	-2543.071493
1457	-2542.973415
1458	-2542.883344
1459	-2542.903506
1460	-2542.738159
1461	-2542.756085
1462	-2542.686026
1463	-2542.596152
1464	-2542.493733
1465	-2542.32186
1466	-2542.200518
1467	-2542.106421
1468	-2541.955618
1469	-2541.859034
1470	-2541.775248
1471	-2541.703602
1472	-2541.609177
1473	-2541.592161
1474	-2541.496076
1475	-2541.516619
1476	-2541.500025
1477	-2541.453616
1478	-2541.362065
1479	-2541.278275
1480	-2541.176355
1481	-2541.07523
1482	-2540.950372
1483	-2540.806559
1484	-2540.705437
1485	-2540.689087
1486	-2540.594196
1487	-2540.498509
1488	-2540.482389
1489	-2540.392253
1490	-2540.376321
1491	-2540.360607
1492	-2540.207018
1493	-2540.1916
1494	-2540.161734
1495	-2540.059936
1496	-2540.036926
1497	-2540.058848
1498	-2539.973665
1499	-2539.873902
1500	-2539.855246
1501	-2539.877405
1502	-2539.833347
1503	-2539.67264
1504	-2539.548677
1505	-2539.456198
1506	-2539.368547
1507	-2539.340196
1508	-2539.254481
1509	-2539.16515
1510	-2539.069824
1511	-2539.041934
1512	-2539.064978
1513	-2539.037923
1514	-2538.940032
1515	-2538.847215
1516	-2538.724551
1517	-2538.565917
1518	-2538.500073
1519	-2538.348384
1520	-2538.28301
1521	-2538.13702
1522	-2538.07116
1523	-2537.979664
1524	-2537.878612
1525	-2537.73236
1526	-2537.731687
1527	-2537.581028
1528	-2537.554433
1529	-2537.472761
1530	-2537.391378
1531	-2537.298825
1532	-2537.207662
1533	-2537.120728
1534	-2537.020647
1535	-2536.980983
1536	-2536.836664
1537	-2536.750052
1538	-2536.624695
1539	-2536.524845
1540	-2536.434735
1541	-2536.348642
1542	-2536.254766
1543	-2536.170968
1544	-2536.144809
1545	-2536.05352
1546	-2536.027759
1547	-2535.883767
1548	-2535.853045
1549	-2535.761994
1550	-2535.784089
1551	-2535.759061
1552	-2535.671884
1553	-2535.584869
1554	-2535.439933
1555	-2535.320596
1556	-2535.235565
1557	-2535.172536
1558	-2535.125971
1559	-2535.002888
1560	-2535.027226
1561	-2534.892237
1562	-2534.830827
1563	-2534.75208
1564	-2534.776397
1565	-2534.693964
1566	-2534.575794
1567	-2534.497952
1568	-2534.445688
1569	-2534.332166
1570	-2534.218698
1571	-2534.080511
1572	-2534.056495
1573	-2533.978666
1574	-2533.891554
1575	-2533.810545
1576	-2533.786951
1577	-2533.647488
1578	-2533.624251
1579	-2533.471859
1580	-2533.413842
1581	-2533.39121
1582	-2533.252682
1583	-2533.154004
1584	-2533.044303
1585	-2532.899831
1586	-2532.804792
1587	-2532.712012
1588	-2532.627674
1589	-2532.653346
1590	-2532.570212
1591	-2532.485494
1592	-2532.463224
1593	-2532.352287
1594	-2532.298893
1595	-2532.160625
1596	-2532.072838
1597	-2531.928464
1598	-2531.91488
1599	-2531.829094
1600	-2531.738367
1601	-2531.651196
1602	-2531.569727
1603	-2531.432343
1604	-2531.351634
1605	-2531.278099
1606	-2531.190559
1607	-2531.101872
1608	-2530.948178
1609	-2530.967569
1610	-2530.853417
1611	-2530.769565
1612	-2530.689123
1613	-2530.532521
1614	-2530.396527
1615	-2530.374107
1616	-2530.288742
1617	-2530.177123
1618	-2530.029183
1619	-2529.881982
1620	-2529.788977
1621	-2529.814849
1622	-2529.840752
1623	-2529.762134
1624	-2529.651628
1625	-2529.576992
1626	-2529.603135
1627	-2529.495587
1628	-2529.413569
1629	-2529.303739
1630	-2529.170158
1631	-2529.058614
1632	-2529.08324
1633	-2528.943281
1634	-2528.784417
1635	-2528.651686
1636	-2528.597623
1637	-2528.465762
1638	-2528.413045
1639	-2528.332391
1640	-2528.279181
1641	-2528.19054
1642	-2528.121035
1643	-2527.989754
