Timestamp,Cohort,Model,N,Events,C_Index
2026-01-12 10:59:13,CHD,CatBoost,570,115,0.597837
2026-01-12 10:59:15,CHD,XGBoost,570,115,0.45014
2026-01-12 10:59:17,CHD,AORSF,570,115,0.398942
2026-01-12 10:59:34,CHD,CatBoost,570,115,0.600171
2026-01-12 10:59:42,CHD,XGBoost,570,115,0.440648
2026-01-12 10:59:45,CHD,AORSF,570,115,0.41509
2026-01-12 11:00:02,CHD,CatBoost,570,115,0.567212
2026-01-12 11:00:04,CHD,XGBoost,570,115,0.518613
2026-01-12 11:00:06,CHD,AORSF,570,115,0.432767
2026-01-12 11:00:27,CHD,CatBoost,570,115,0.590329
2026-01-12 11:00:30,CHD,XGBoost,570,115,0.426618
2026-01-12 11:00:33,CHD,AORSF,570,115,0.337223
2026-01-12 11:00:58,CHD,CatBoost,570,115,0.56585
2026-01-12 11:01:01,CHD,XGBoost,570,115,0.461362
2026-01-12 11:01:04,CHD,AORSF,570,115,0.383492
2026-01-12 11:01:26,CHD,CatBoost,570,115,0.561969
2026-01-12 11:01:29,CHD,XGBoost,570,115,0.474361
2026-01-12 11:01:32,CHD,AORSF,570,115,0.362321
2026-01-12 11:01:54,CHD,CatBoost,570,115,0.580511
2026-01-12 11:01:57,CHD,XGBoost,570,115,0.454065
2026-01-12 11:02:00,CHD,AORSF,570,115,0.377175
2026-01-12 11:02:22,CHD,CatBoost,570,115,0.60982
2026-01-12 11:02:24,CHD,XGBoost,570,115,0.452653
2026-01-12 11:02:27,CHD,AORSF,570,115,0.35842
2026-01-12 11:04:20,CHD,RSF,570,115,0.431986
2026-01-12 11:04:48,CHD,RSF,570,115,0.410386
2026-01-12 11:05:18,CHD,RSF,570,115,0.411174
2026-01-12 11:05:28,CHD,RSF,570,115,0.35034
2026-01-12 11:05:56,CHD,RSF,570,115,0.411155
2026-01-12 11:06:47,CHD,RSF,570,115,0.366911
2026-01-12 11:06:48,CHD,CatBoost,570,115,0.549396
2026-01-12 11:06:48,CHD,XGBoost,570,115,0.536822
2026-01-12 11:06:50,CHD,AORSF,570,115,0.399426
2026-01-12 11:06:57,CHD,RSF,570,115,0.406628
2026-01-12 11:07:01,CHD,RSF,570,115,0.384903
2026-01-12 11:07:14,CHD,CatBoost,570,115,0.53386
2026-01-12 11:07:15,CHD,XGBoost,570,115,0.52709
2026-01-12 11:07:16,CHD,AORSF,570,115,0.40385
2026-01-12 11:07:40,CHD,CatBoost,570,115,0.534196
2026-01-12 11:07:41,CHD,XGBoost,570,115,0.431198
2026-01-12 11:07:42,CHD,AORSF,570,115,0.372072
2026-01-12 11:07:50,CHD,CatBoost,570,115,0.598894
2026-01-12 11:07:51,CHD,XGBoost,570,115,0.477959
2026-01-12 11:07:52,CHD,AORSF,570,115,0.402679
2026-01-12 11:08:21,CHD,CatBoost,570,115,0.572286
2026-01-12 11:08:22,CHD,XGBoost,570,115,0.474556
2026-01-12 11:08:23,CHD,AORSF,570,115,0.439016
2026-01-12 11:09:20,CHD,CatBoost,570,115,0.563913
2026-01-12 11:09:21,CHD,XGBoost,570,115,0.466173
2026-01-12 11:09:22,CHD,AORSF,570,115,0.386864
2026-01-12 11:09:34,CHD,CatBoost,570,115,0.579846
2026-01-12 11:09:35,CHD,XGBoost,570,115,0.452603
2026-01-12 11:09:36,CHD,AORSF,570,115,0.36336
2026-01-12 11:09:37,CHD,CatBoost,570,115,0.583025
2026-01-12 11:09:42,CHD,XGBoost,570,115,0.441584
2026-01-12 11:09:43,CHD,AORSF,570,115,0.375748
2026-01-12 11:10:37,CHD,RSF,570,115,0.427697
2026-01-12 11:11:47,CHD,RSF,570,115,0.405818
2026-01-12 11:12:06,CHD,RSF,570,115,0.383302
2026-01-12 11:12:41,CHD,RSF,570,115,0.389851
2026-01-12 11:13:07,CHD,RSF,570,115,0.47068
2026-01-12 11:13:17,CHD,CatBoost,570,115,0.584597
2026-01-12 11:13:18,CHD,XGBoost,570,115,0.489197
2026-01-12 11:13:19,CHD,AORSF,570,115,0.394489
2026-01-12 11:13:37,CHD,RSF,570,115,0.383509
2026-01-12 11:13:37,CHD,RSF,570,115,0.394472
2026-01-12 11:14:01,CHD,RSF,570,115,0.398655
2026-01-12 11:14:13,CHD,CatBoost,570,115,0.589234
2026-01-12 11:14:13,CHD,XGBoost,570,115,0.471873
2026-01-12 11:14:15,CHD,AORSF,570,115,0.461593
2026-01-12 11:14:30,CHD,CatBoost,570,115,0.638031
2026-01-12 11:14:30,CHD,XGBoost,570,115,0.437907
2026-01-12 11:14:32,CHD,AORSF,570,115,0.356537
2026-01-12 11:15:03,CHD,CatBoost,570,115,0.601288
2026-01-12 11:15:04,CHD,XGBoost,570,115,0.472346
2026-01-12 11:15:06,CHD,AORSF,570,115,0.400852
2026-01-12 11:15:33,CHD,CatBoost,570,115,0.555053
2026-01-12 11:15:34,CHD,XGBoost,570,115,0.539152
2026-01-12 11:15:35,CHD,AORSF,570,115,0.418803
2026-01-12 11:16:04,CHD,CatBoost,570,115,0.556571
2026-01-12 11:16:04,CHD,CatBoost,570,115,0.575435
2026-01-12 11:16:05,CHD,XGBoost,570,115,0.483862
2026-01-12 11:16:05,CHD,XGBoost,570,115,0.447215
2026-01-12 11:16:07,CHD,AORSF,570,115,0.38663
2026-01-12 11:16:07,CHD,AORSF,570,115,0.444183
2026-01-12 11:16:55,CHD,CatBoost,570,115,0.555551
2026-01-12 11:16:56,CHD,XGBoost,570,115,0.478251
2026-01-12 11:16:58,CHD,AORSF,570,115,0.411447
2026-01-12 11:18:19,CHD,RSF,570,115,0.388488
2026-01-12 11:18:25,CHD,RSF,570,115,0.431222
2026-01-12 11:19:53,CHD,RSF,570,115,0.444588
2026-01-12 11:20:05,CHD,RSF,570,115,0.395869
2026-01-12 11:20:13,CHD,RSF,570,115,0.418849
2026-01-12 11:21:17,CHD,RSF,570,115,0.401801
2026-01-12 11:21:17,CHD,RSF,570,115,0.405712
2026-01-12 11:21:30,CHD,RSF,570,115,0.418294
2026-01-12 11:22:06,CHD,CatBoost,570,115,0.581999
2026-01-12 11:22:07,CHD,XGBoost,570,115,0.503495
2026-01-12 11:22:09,CHD,AORSF,570,115,0.399879
2026-01-12 11:23:50,CHD,RSF,570,115,0.397095
2026-01-12 11:26:30,Combined,CatBoost,1168,188,0.516047
2026-01-12 11:26:31,Combined,XGBoost,1168,188,0.428106
2026-01-12 11:26:33,Combined,AORSF,1168,188,0.345071
2026-01-12 11:27:10,Combined,CatBoost,1168,188,0.649224
2026-01-12 11:27:11,Combined,XGBoost,1168,188,0.411618
2026-01-12 11:27:13,Combined,AORSF,1168,188,0.316757
2026-01-12 11:27:52,Combined,CatBoost,1168,188,0.545466
2026-01-12 11:27:53,Combined,XGBoost,1168,188,0.468712
2026-01-12 11:27:56,Combined,AORSF,1168,188,0.408062
2026-01-12 11:28:34,Combined,CatBoost,1168,188,0.592246
2026-01-12 11:28:35,Combined,XGBoost,1168,188,0.421371
2026-01-12 11:28:38,Combined,AORSF,1168,188,0.387052
2026-01-12 11:29:10,Combined,CatBoost,1168,188,0.480356
2026-01-12 11:29:11,Combined,XGBoost,1168,188,0.44462
2026-01-12 11:29:14,Combined,AORSF,1168,188,0.336637
2026-01-12 11:29:56,Combined,CatBoost,1168,188,0.597355
2026-01-12 11:29:58,Combined,XGBoost,1168,188,0.435223
2026-01-12 11:30:01,Combined,AORSF,1168,188,0.329056
2026-01-12 11:30:33,Combined,CatBoost,1168,188,0.636313
2026-01-12 11:30:34,Combined,XGBoost,1168,188,0.450677
2026-01-12 11:30:38,Combined,AORSF,1168,188,0.347651
2026-01-12 11:31:16,Combined,CatBoost,1168,188,0.642615
2026-01-12 11:31:17,Combined,XGBoost,1168,188,0.434589
2026-01-12 11:31:21,Combined,AORSF,1168,188,0.337727
2026-01-12 11:54:49,Combined,RSF,1168,188,0.358672
2026-01-12 11:57:06,Combined,RSF,1168,188,0.356006
2026-01-12 11:57:41,Combined,RSF,1168,188,0.386777
2026-01-12 11:59:21,Combined,RSF,1168,188,0.387937
2026-01-12 11:59:25,Combined,RSF,1168,188,0.375305
2026-01-12 11:59:26,Combined,RSF,1168,188,0.393716
2026-01-12 11:59:47,Combined,RSF,1168,188,0.421514
2026-01-12 12:01:15,Combined,CatBoost,1168,188,0.550183
2026-01-12 12:01:17,Combined,XGBoost,1168,188,0.399699
2026-01-12 12:01:22,Combined,AORSF,1168,188,0.314532
2026-01-12 12:03:14,Combined,CatBoost,1168,188,0.445224
2026-01-12 12:03:14,Combined,CatBoost,1168,188,0.528484
2026-01-12 12:03:17,Combined,XGBoost,1168,188,0.415064
2026-01-12 12:03:17,Combined,XGBoost,1168,188,0.462784
2026-01-12 12:03:25,Combined,AORSF,1168,188,0.37413
2026-01-12 12:03:25,Combined,AORSF,1168,188,0.323219
2026-01-12 12:03:27,Combined,RSF,1168,188,0.355122
2026-01-12 12:04:16,Combined,CatBoost,1168,188,0.624994
2026-01-12 12:04:18,Combined,XGBoost,1168,188,0.440381
2026-01-12 12:04:18,Combined,CatBoost,1168,188,0.408604
2026-01-12 12:04:19,Combined,CatBoost,1168,188,0.522237
2026-01-12 12:04:21,Combined,AORSF,1168,188,0.347855
2026-01-12 12:04:23,Combined,XGBoost,1168,188,0.406475
2026-01-12 12:04:25,Combined,XGBoost,1168,188,0.438395
2026-01-12 12:04:30,Combined,AORSF,1168,188,0.336553
2026-01-12 12:04:33,Combined,AORSF,1168,188,0.322137
2026-01-12 12:04:58,Combined,CatBoost,1168,188,0.615883
2026-01-12 12:05:02,Combined,XGBoost,1168,188,0.411666
2026-01-12 12:05:04,Combined,AORSF,1168,188,0.32516
2026-01-12 12:06:22,Combined,XGBoost,1168,188,0.410653
2026-01-12 12:06:24,Combined,AORSF,1168,188,0.330676
2026-01-12 12:14:34,Combined,RSF,1168,188,0.388848
2026-01-12 12:15:01,Combined,RSF,1168,188,0.316689
2026-01-12 12:15:17,Combined,RSF,1168,188,0.360341
2026-01-12 12:15:25,Combined,RSF,1168,188,0.370095
2026-01-12 12:15:35,Combined,RSF,1168,188,0.371168
2026-01-12 12:16:02,Combined,RSF,1168,188,0.331673
2026-01-12 12:16:02,Combined,RSF,1168,188,0.3747
2026-01-12 12:16:17,Combined,RSF,1168,188,0.390151
2026-01-12 12:16:20,Combined,CatBoost,1168,188,0.602072
2026-01-12 12:16:20,Combined,XGBoost,1168,188,0.444648
2026-01-12 12:16:21,Combined,AORSF,1168,188,0.371188
2026-01-12 12:16:48,Combined,CatBoost,1168,188,0.594325
2026-01-12 12:16:49,Combined,XGBoost,1168,188,0.469295
2026-01-12 12:16:50,Combined,AORSF,1168,188,0.342834
2026-01-12 12:17:05,Combined,CatBoost,1168,188,0.646197
2026-01-12 12:17:05,Combined,XGBoost,1168,188,0.439406
2026-01-12 12:17:07,Combined,AORSF,1168,188,0.350558
2026-01-12 12:17:17,Combined,CatBoost,1168,188,0.54443
2026-01-12 12:17:17,Combined,XGBoost,1168,188,0.456711
2026-01-12 12:17:19,Combined,AORSF,1168,188,0.35783
2026-01-12 12:17:35,Combined,CatBoost,1168,188,0.532767
2026-01-12 12:17:35,Combined,XGBoost,1168,188,0.43288
2026-01-12 12:17:37,Combined,AORSF,1168,188,0.335713
2026-01-12 12:18:10,Combined,CatBoost,1168,188,0.579549
2026-01-12 12:18:10,Combined,CatBoost,1168,188,0.621913
2026-01-12 12:18:10,Combined,XGBoost,1168,188,0.458007
2026-01-12 12:18:11,Combined,XGBoost,1168,188,0.422186
2026-01-12 12:18:12,Combined,AORSF,1168,188,0.379318
2026-01-12 12:18:14,Combined,AORSF,1168,188,0.361243
2026-01-12 12:18:44,Combined,CatBoost,1168,188,0.595874
2026-01-12 12:18:44,Combined,XGBoost,1168,188,0.439253
2026-01-12 12:18:46,Combined,AORSF,1168,188,0.355521
2026-01-12 12:27:14,Combined,RSF,1168,188,0.367408
2026-01-12 12:27:17,Combined,RSF,1168,188,0.384704
2026-01-12 12:27:30,Combined,RSF,1168,188,0.368407
2026-01-12 12:28:06,Combined,RSF,1168,188,0.369736
2026-01-12 12:28:32,Combined,RSF,1168,188,0.380189
2026-01-12 12:28:33,Combined,RSF,1168,188,0.381033
2026-01-12 12:29:03,Combined,RSF,1168,188,0.393739
2026-01-12 12:29:10,Combined,RSF,1168,188,0.391241
2026-01-12 12:30:18,Combined,CatBoost,1168,188,0.530582
2026-01-12 12:30:19,Combined,XGBoost,1168,188,0.416408
2026-01-12 12:30:20,Combined,AORSF,1168,188,0.338862
2026-01-12 12:35:12,Combined,RSF,1168,188,0.358931
2026-01-12 12:36:23,Myocardio,CatBoost,583,70,0.582499
2026-01-12 12:36:23,Myocardio,XGBoost,583,70,0.538119
2026-01-12 12:36:24,Myocardio,AORSF,583,70,0.417776
2026-01-12 12:36:34,Myocardio,CatBoost,583,70,0.576467
2026-01-12 12:36:34,Myocardio,XGBoost,583,70,0.471096
2026-01-12 12:36:35,Myocardio,AORSF,583,70,0.386923
2026-01-12 12:36:45,Myocardio,CatBoost,583,70,0.619215
2026-01-12 12:36:45,Myocardio,XGBoost,583,70,0.465752
2026-01-12 12:36:46,Myocardio,AORSF,583,70,0.440515
2026-01-12 12:36:55,Myocardio,CatBoost,583,70,0.566318
2026-01-12 12:36:55,Myocardio,XGBoost,583,70,0.495711
2026-01-12 12:36:56,Myocardio,AORSF,583,70,0.424519
2026-01-12 12:37:05,Myocardio,CatBoost,583,70,0.566708
2026-01-12 12:37:05,Myocardio,XGBoost,583,70,0.496214
2026-01-12 12:37:06,Myocardio,AORSF,583,70,0.45728799999999997
2026-01-12 12:37:21,Myocardio,CatBoost,583,70,0.582522
2026-01-12 12:37:22,Myocardio,XGBoost,583,70,0.464974
2026-01-12 12:37:23,Myocardio,AORSF,583,70,0.433255
2026-01-12 12:37:37,Myocardio,CatBoost,583,70,0.654925
2026-01-12 12:37:37,Myocardio,XGBoost,583,70,0.512769
2026-01-12 12:37:38,Myocardio,AORSF,583,70,0.368651
2026-01-12 12:37:55,Myocardio,CatBoost,583,70,0.561534
2026-01-12 12:37:56,Myocardio,XGBoost,583,70,0.506859
2026-01-12 12:37:56,Myocardio,AORSF,583,70,0.400087
2026-01-12 12:40:08,Myocardio,RSF,583,70,0.31835
2026-01-12 12:42:33,Myocardio,RSF,583,70,0.443999
2026-01-12 12:42:44,Myocardio,RSF,583,70,0.341592
2026-01-12 12:42:55,Myocardio,CatBoost,583,70,0.559923
2026-01-12 12:42:56,Myocardio,RSF,583,70,0.354199
2026-01-12 12:42:58,Myocardio,XGBoost,583,70,0.509148
2026-01-12 12:43:00,Myocardio,AORSF,583,70,0.402582
2026-01-12 12:43:19,Myocardio,RSF,583,70,0.380124
2026-01-12 12:43:35,Myocardio,RSF,583,70,0.463113
2026-01-12 12:43:47,Myocardio,RSF,583,70,0.403305
2026-01-12 12:43:49,Myocardio,RSF,583,70,0.407647
2026-01-12 12:44:29,Myocardio,CatBoost,583,70,0.580757
2026-01-12 12:44:30,Myocardio,XGBoost,583,70,0.520018
2026-01-12 12:44:31,Myocardio,AORSF,583,70,0.40061
2026-01-12 12:44:39,Myocardio,CatBoost,583,70,0.58352
2026-01-12 12:44:41,Myocardio,XGBoost,583,70,0.521325
2026-01-12 12:44:42,Myocardio,AORSF,583,70,0.355362
2026-01-12 12:44:50,Myocardio,CatBoost,583,70,0.583466
2026-01-12 12:44:52,Myocardio,XGBoost,583,70,0.50568
2026-01-12 12:44:53,Myocardio,AORSF,583,70,0.419451
2026-01-12 12:45:09,Myocardio,CatBoost,583,70,0.572874
2026-01-12 12:45:12,Myocardio,XGBoost,583,70,0.452616
2026-01-12 12:45:14,Myocardio,AORSF,583,70,0.383263
2026-01-12 12:45:31,Myocardio,CatBoost,583,70,0.606138
2026-01-12 12:45:35,Myocardio,XGBoost,583,70,0.394863
2026-01-12 12:45:36,Myocardio,AORSF,583,70,0.389711
2026-01-12 12:45:49,Myocardio,CatBoost,583,70,0.565139
2026-01-12 12:45:52,Myocardio,CatBoost,583,70,0.568679
2026-01-12 12:45:52,Myocardio,XGBoost,583,70,0.44509
2026-01-12 12:45:54,Myocardio,AORSF,583,70,0.449052
2026-01-12 12:45:57,Myocardio,XGBoost,583,70,0.453166
2026-01-12 12:45:59,Myocardio,AORSF,583,70,0.398361
2026-01-12 12:50:30,Myocardio,RSF,583,70,0.410147
2026-01-12 12:51:33,Myocardio,RSF,583,70,0.327865
2026-01-12 12:51:56,Myocardio,RSF,583,70,0.352462
2026-01-12 12:52:53,Myocardio,RSF,583,70,0.367205
2026-01-12 12:53:00,Myocardio,RSF,583,70,0.367322
2026-01-12 12:53:03,Myocardio,CatBoost,583,70,0.517768
2026-01-12 12:53:04,Myocardio,RSF,583,70,0.386637
2026-01-12 12:53:06,Myocardio,XGBoost,583,70,0.478016
2026-01-12 12:53:07,Myocardio,AORSF,583,70,0.370462
2026-01-12 12:53:24,Myocardio,RSF,583,70,0.447422
2026-01-12 12:53:28,Myocardio,RSF,583,70,0.412255
2026-01-12 12:53:44,Myocardio,CatBoost,583,70,0.451864
2026-01-12 12:53:46,Myocardio,XGBoost,583,70,0.431581
2026-01-12 12:53:47,Myocardio,AORSF,583,70,0.3623
2026-01-12 12:53:59,Myocardio,CatBoost,583,70,0.54997
2026-01-12 12:54:01,Myocardio,XGBoost,583,70,0.469298
2026-01-12 12:54:02,Myocardio,AORSF,583,70,0.365149
2026-01-12 12:54:50,Myocardio,CatBoost,583,70,0.547263
2026-01-12 12:54:52,Myocardio,XGBoost,583,70,0.422808
2026-01-12 12:54:54,Myocardio,AORSF,583,70,0.357111
2026-01-12 12:55:00,Myocardio,CatBoost,583,70,0.521039
2026-01-12 12:55:03,Myocardio,CatBoost,583,70,0.504021
2026-01-12 12:55:03,Myocardio,XGBoost,583,70,0.407586
2026-01-12 12:55:04,Myocardio,AORSF,583,70,0.348656
2026-01-12 12:55:08,Myocardio,XGBoost,583,70,0.524802
2026-01-12 12:55:09,Myocardio,AORSF,583,70,0.431577
2026-01-12 12:55:32,Myocardio,CatBoost,583,70,0.597725
2026-01-12 12:55:36,Myocardio,XGBoost,583,70,0.533209
2026-01-12 12:55:38,Myocardio,AORSF,583,70,0.445859
2026-01-12 12:55:39,Myocardio,CatBoost,583,70,0.627687
2026-01-12 12:55:44,Myocardio,XGBoost,583,70,0.447379
2026-01-12 12:55:45,Myocardio,AORSF,583,70,0.330812
2026-01-12 13:00:02,Myocardio,RSF,583,70,0.405671
2026-01-12 13:00:47,Myocardio,RSF,583,70,0.349045
2026-01-12 13:01:14,Myocardio,RSF,583,70,0.335802
2026-01-12 13:01:58,Myocardio,RSF,583,70,0.351713
2026-01-12 13:02:03,Myocardio,RSF,583,70,0.361994
2026-01-12 13:02:03,Myocardio,RSF,583,70,0.355469
2026-01-12 13:02:19,Myocardio,RSF,583,70,0.414105
2026-01-12 13:02:31,Myocardio,RSF,583,70,0.396014
2026-01-12 13:03:41,Myocardio,CatBoost,583,70,0.528385
2026-01-12 13:03:42,Myocardio,XGBoost,583,70,0.475108
2026-01-12 13:03:43,Myocardio,AORSF,583,70,0.368114
2026-01-12 13:07:50,Myocardio,RSF,583,70,0.348223
2026-01-12 15:36:43,CHD,CatBoost,570,115,0.597837
2026-01-12 15:36:44,CHD,XGBoost,570,115,0.45014
2026-01-12 15:36:45,CHD,AORSF,570,115,0.398942
2026-01-12 15:36:51,CHD,CatBoost,570,115,0.600171
2026-01-12 15:36:53,CHD,XGBoost,570,115,0.440648
2026-01-12 15:36:55,CHD,AORSF,570,115,0.41509
2026-01-12 15:37:03,CHD,CatBoost,570,115,0.567212
2026-01-12 15:37:06,CHD,XGBoost,570,115,0.518613
2026-01-12 15:37:07,CHD,AORSF,570,115,0.432767
2026-01-12 15:37:41,CHD,CatBoost,570,115,0.580511
2026-01-12 15:37:41,CHD,CatBoost,570,115,0.561969
2026-01-12 15:37:41,CHD,CatBoost,570,115,0.56585
2026-01-12 15:37:41,CHD,CatBoost,570,115,0.590329
2026-01-12 15:37:43,CHD,XGBoost,570,115,0.474361
2026-01-12 15:37:43,CHD,XGBoost,570,115,0.426618
2026-01-12 15:37:43,CHD,XGBoost,570,115,0.454065
2026-01-12 15:37:43,CHD,XGBoost,570,115,0.461362
2026-01-12 15:37:45,CHD,AORSF,570,115,0.362321
2026-01-12 15:37:45,CHD,AORSF,570,115,0.337223
2026-01-12 15:37:45,CHD,AORSF,570,115,0.377175
2026-01-12 15:37:46,CHD,AORSF,570,115,0.383492
2026-01-12 15:37:57,CHD,CatBoost,570,115,0.60982
2026-01-12 15:38:02,CHD,XGBoost,570,115,0.452653
2026-01-12 15:38:04,CHD,AORSF,570,115,0.35842
2026-01-12 15:40:33,CHD,RSF,570,115,0.431986
2026-01-12 15:40:48,CHD,RSF,570,115,0.410386
2026-01-12 15:41:12,CHD,RSF,570,115,0.411174
2026-01-12 15:41:53,CHD,RSF,570,115,0.35034
2026-01-12 15:41:55,CHD,RSF,570,115,0.411155
2026-01-12 15:42:02,CHD,RSF,570,115,0.366911
2026-01-12 15:42:15,CHD,RSF,570,115,0.384903
2026-01-12 15:42:20,CHD,RSF,570,115,0.406628
2026-01-12 15:42:38,CHD,CatBoost,570,115,0.549396
2026-01-12 15:42:38,CHD,XGBoost,570,115,0.536822
2026-01-12 15:42:39,CHD,AORSF,570,115,0.399426
2026-01-12 15:42:50,CHD,CatBoost,570,115,0.53386
2026-01-12 15:42:51,CHD,XGBoost,570,115,0.52709
2026-01-12 15:42:52,CHD,AORSF,570,115,0.40385
2026-01-12 15:43:06,CHD,CatBoost,570,115,0.534196
2026-01-12 15:43:08,CHD,XGBoost,570,115,0.431198
2026-01-12 15:43:10,CHD,AORSF,570,115,0.372072
2026-01-12 15:43:42,CHD,CatBoost,570,115,0.598894
2026-01-12 15:43:44,CHD,XGBoost,570,115,0.477959
2026-01-12 15:43:45,CHD,CatBoost,570,115,0.572286
2026-01-12 15:43:45,CHD,AORSF,570,115,0.402679
2026-01-12 15:43:50,CHD,XGBoost,570,115,0.474556
2026-01-12 15:43:51,CHD,AORSF,570,115,0.439016
2026-01-12 15:43:59,CHD,CatBoost,570,115,0.563913
2026-01-12 15:44:02,CHD,XGBoost,570,115,0.466173
2026-01-12 15:44:04,CHD,AORSF,570,115,0.386864
2026-01-12 15:44:23,CHD,CatBoost,570,115,0.583025
2026-01-12 15:44:26,CHD,XGBoost,570,115,0.441584
2026-01-12 15:44:28,CHD,AORSF,570,115,0.375748
2026-01-12 15:44:38,CHD,CatBoost,570,115,0.579846
2026-01-12 15:44:42,CHD,XGBoost,570,115,0.452603
2026-01-12 15:44:44,CHD,AORSF,570,115,0.36336
2026-01-12 15:46:04,CHD,RSF,570,115,0.427697
2026-01-12 15:46:52,CHD,RSF,570,115,0.405818
2026-01-12 15:47:05,CHD,RSF,570,115,0.383302
2026-01-12 16:13:17,CHD,CatBoost,570,115,0.597837
2026-01-12 16:13:18,CHD,XGBoost,570,115,0.45014
2026-01-12 16:13:18,CHD,AORSF,570,115,0.398942
2026-01-12 16:13:34,CHD,CatBoost,570,115,0.600171
2026-01-12 16:13:35,CHD,XGBoost,570,115,0.440648
2026-01-12 16:13:36,CHD,AORSF,570,115,0.41509
2026-01-12 16:13:57,CHD,CatBoost,570,115,0.567212
2026-01-12 16:13:58,CHD,XGBoost,570,115,0.518613
2026-01-12 16:13:59,CHD,AORSF,570,115,0.432767
2026-01-12 16:14:19,CHD,CatBoost,570,115,0.590329
2026-01-12 16:14:20,CHD,XGBoost,570,115,0.426618
2026-01-12 16:14:22,CHD,AORSF,570,115,0.337223
2026-01-12 16:14:37,CHD,CatBoost,570,115,0.56585
2026-01-12 16:14:38,CHD,XGBoost,570,115,0.461362
2026-01-12 16:14:40,CHD,AORSF,570,115,0.383492
2026-01-12 16:15:02,CHD,CatBoost,570,115,0.561969
2026-01-12 16:15:03,CHD,XGBoost,570,115,0.474361
2026-01-12 16:15:04,CHD,AORSF,570,115,0.362321
2026-01-12 16:15:21,CHD,CatBoost,570,115,0.580511
2026-01-12 16:15:22,CHD,XGBoost,570,115,0.454065
2026-01-12 16:15:24,CHD,AORSF,570,115,0.377175
2026-01-12 16:15:38,CHD,CatBoost,570,115,0.60982
2026-01-12 16:15:39,CHD,XGBoost,570,115,0.452653
2026-01-12 16:15:41,CHD,AORSF,570,115,0.35842
2026-01-12 16:15:47,CHD,RSF,570,115,0.431986
2026-01-12 16:16:16,CHD,RSF,570,115,0.410386
2026-01-12 16:16:49,CHD,RSF,570,115,0.411174
2026-01-12 16:17:02,CHD,RSF,570,115,0.35034
2026-01-12 16:17:20,CHD,RSF,570,115,0.411155
2026-01-12 16:17:25,CHD,CatBoost,570,115,0.549396
2026-01-12 16:17:26,CHD,XGBoost,570,115,0.536822
2026-01-12 16:17:27,CHD,AORSF,570,115,0.399426
2026-01-12 16:17:53,CHD,CatBoost,570,115,0.53386
2026-01-12 16:17:53,CHD,XGBoost,570,115,0.52709
2026-01-12 16:17:54,CHD,AORSF,570,115,0.40385
2026-01-12 16:18:12,CHD,RSF,570,115,0.406628
2026-01-12 16:18:14,CHD,RSF,570,115,0.366911
2026-01-12 16:18:21,CHD,RSF,570,115,0.384903
2026-01-12 16:18:26,CHD,CatBoost,570,115,0.534196
2026-01-12 16:18:26,CHD,XGBoost,570,115,0.431198
2026-01-12 16:18:27,CHD,AORSF,570,115,0.372072
2026-01-12 16:18:40,CHD,CatBoost,570,115,0.598894
2026-01-12 16:18:40,CHD,XGBoost,570,115,0.477959
2026-01-12 16:18:41,CHD,AORSF,570,115,0.402679
2026-01-12 16:19:01,CHD,CatBoost,570,115,0.572286
2026-01-12 16:19:01,CHD,XGBoost,570,115,0.474556
2026-01-12 16:19:02,CHD,AORSF,570,115,0.439016
2026-01-12 16:19:37,CHD,RSF,570,115,0.427697
2026-01-12 16:19:53,CHD,CatBoost,570,115,0.563913
2026-01-12 16:19:53,CHD,CatBoost,570,115,0.579846
2026-01-12 16:19:53,CHD,XGBoost,570,115,0.452603
2026-01-12 16:19:53,CHD,XGBoost,570,115,0.466173
2026-01-12 16:19:54,CHD,AORSF,570,115,0.36336
2026-01-12 16:19:55,CHD,AORSF,570,115,0.386864
2026-01-12 16:20:02,CHD,CatBoost,570,115,0.583025
2026-01-12 16:20:03,CHD,XGBoost,570,115,0.441584
2026-01-12 16:20:04,CHD,AORSF,570,115,0.375748
2026-01-12 16:20:31,CHD,RSF,570,115,0.405818
2026-01-12 16:21:01,CHD,RSF,570,115,0.383302
2026-01-12 16:21:18,CHD,CatBoost,570,115,0.584597
2026-01-12 16:21:19,CHD,XGBoost,570,115,0.489197
2026-01-12 16:21:20,CHD,AORSF,570,115,0.394489
2026-01-12 16:21:31,CHD,RSF,570,115,0.389851
2026-01-12 16:21:50,CHD,RSF,570,115,0.47068
2026-01-12 16:22:08,CHD,CatBoost,570,115,0.589234
2026-01-12 16:22:09,CHD,XGBoost,570,115,0.471873
2026-01-12 16:22:10,CHD,AORSF,570,115,0.461593
2026-01-12 16:22:24,CHD,RSF,570,115,0.383509
2026-01-12 16:22:27,CHD,RSF,570,115,0.394472
2026-01-12 16:22:37,CHD,RSF,570,115,0.398655
2026-01-12 16:22:37,CHD,CatBoost,570,115,0.638031
2026-01-12 16:22:38,CHD,XGBoost,570,115,0.437907
2026-01-12 16:22:39,CHD,AORSF,570,115,0.356537
2026-01-12 16:23:04,CHD,CatBoost,570,115,0.601288
2026-01-12 16:23:05,CHD,XGBoost,570,115,0.472346
2026-01-12 16:23:06,CHD,AORSF,570,115,0.400852
2026-01-12 16:23:26,CHD,CatBoost,570,115,0.555053
2026-01-12 16:23:26,CHD,XGBoost,570,115,0.539152
2026-01-12 16:23:27,CHD,AORSF,570,115,0.418803
2026-01-12 16:23:57,CHD,RSF,570,115,0.388488
2026-01-12 16:24:00,CHD,CatBoost,570,115,0.575435
2026-01-12 16:24:00,CHD,XGBoost,570,115,0.447215
2026-01-12 16:24:01,CHD,AORSF,570,115,0.38663
2026-01-12 16:24:02,CHD,CatBoost,570,115,0.556571
2026-01-12 16:24:04,CHD,XGBoost,570,115,0.483862
2026-01-12 16:24:06,CHD,AORSF,570,115,0.444183
2026-01-12 16:24:14,CHD,RSF,570,115,0.431222
2026-01-12 16:24:16,CHD,CatBoost,570,115,0.555551
2026-01-12 16:24:17,CHD,XGBoost,570,115,0.478251
2026-01-12 16:24:18,CHD,AORSF,570,115,0.411447
2026-01-12 16:25:28,CHD,RSF,570,115,0.395869
2026-01-12 16:25:32,CHD,RSF,570,115,0.444588
2026-01-12 16:25:39,CHD,RSF,570,115,0.418849
2026-01-12 16:26:21,CHD,RSF,570,115,0.405712
2026-01-12 16:26:23,CHD,RSF,570,115,0.401801
2026-01-12 16:26:27,CHD,RSF,570,115,0.418294
2026-01-12 16:26:44,CHD,CatBoost,570,115,0.581999
2026-01-12 16:26:44,CHD,XGBoost,570,115,0.503495
2026-01-12 16:26:45,CHD,AORSF,570,115,0.399879
2026-01-12 16:27:48,CHD,RSF,570,115,0.397095
2026-01-12 16:29:25,Combined,CatBoost,1168,188,0.516047
2026-01-12 16:29:25,Combined,XGBoost,1168,188,0.428106
2026-01-12 16:29:26,Combined,AORSF,1168,188,0.345071
2026-01-12 16:29:57,Combined,CatBoost,1168,188,0.649224
2026-01-12 16:29:58,Combined,XGBoost,1168,188,0.411618
2026-01-12 16:29:59,Combined,AORSF,1168,188,0.316757
2026-01-12 16:30:26,Combined,CatBoost,1168,188,0.545466
2026-01-12 16:30:26,Combined,XGBoost,1168,188,0.468712
2026-01-12 16:30:28,Combined,AORSF,1168,188,0.408062
2026-01-12 16:30:59,Combined,CatBoost,1168,188,0.592246
2026-01-12 16:31:00,Combined,XGBoost,1168,188,0.421371
2026-01-12 16:31:02,Combined,AORSF,1168,188,0.387052
2026-01-12 16:31:38,Combined,CatBoost,1168,188,0.480356
2026-01-12 16:31:39,Combined,XGBoost,1168,188,0.44462
2026-01-12 16:31:41,Combined,AORSF,1168,188,0.336637
2026-01-12 16:32:22,Combined,CatBoost,1168,188,0.597355
2026-01-12 16:32:23,Combined,XGBoost,1168,188,0.435223
2026-01-12 16:32:25,Combined,AORSF,1168,188,0.329056
2026-01-12 16:32:48,Combined,CatBoost,1168,188,0.636313
2026-01-12 16:32:48,Combined,XGBoost,1168,188,0.450677
2026-01-12 16:32:50,Combined,AORSF,1168,188,0.347651
2026-01-12 16:33:18,Combined,CatBoost,1168,188,0.642615
2026-01-12 16:33:19,Combined,XGBoost,1168,188,0.434589
2026-01-12 16:33:21,Combined,AORSF,1168,188,0.337727
2026-01-12 16:43:08,Combined,RSF,1168,188,0.375305
2026-01-12 16:43:15,Combined,RSF,1168,188,0.386777
2026-01-12 16:43:30,Combined,RSF,1168,188,0.421514
2026-01-12 16:43:30,Combined,RSF,1168,188,0.393716
2026-01-12 16:44:15,Combined,RSF,1168,188,0.358672
2026-01-12 16:45:08,Combined,CatBoost,1168,188,0.522237
2026-01-12 16:45:09,Combined,XGBoost,1168,188,0.438395
2026-01-12 16:45:10,Combined,AORSF,1168,188,0.322137
2026-01-12 16:45:20,Combined,CatBoost,1168,188,0.445224
2026-01-12 16:45:21,Combined,XGBoost,1168,188,0.415064
2026-01-12 16:45:21,Combined,RSF,1168,188,0.356006
2026-01-12 16:45:23,Combined,AORSF,1168,188,0.323219
2026-01-12 16:45:41,Combined,CatBoost,1168,188,0.615883
2026-01-12 16:45:41,Combined,CatBoost,1168,188,0.408604
2026-01-12 16:45:42,Combined,XGBoost,1168,188,0.411666
2026-01-12 16:45:42,Combined,XGBoost,1168,188,0.406475
2026-01-12 16:45:44,Combined,AORSF,1168,188,0.32516
2026-01-12 16:45:45,Combined,AORSF,1168,188,0.336553
2026-01-12 16:45:46,Combined,RSF,1168,188,0.355122
2026-01-12 16:46:27,Combined,RSF,1168,188,0.387937
2026-01-12 16:46:41,Combined,CatBoost,1168,188,0.550183
2026-01-12 16:46:42,Combined,XGBoost,1168,188,0.399699
2026-01-12 16:46:44,Combined,AORSF,1168,188,0.314532
2026-01-12 16:47:50,Combined,XGBoost,1168,188,0.410653
2026-01-12 16:47:52,Combined,AORSF,1168,188,0.330676
2026-01-12 16:48:00,Combined,CatBoost,1168,188,0.528484
2026-01-12 16:48:03,Combined,XGBoost,1168,188,0.462784
2026-01-12 16:48:05,Combined,AORSF,1168,188,0.37413
2026-01-12 16:49:04,Combined,CatBoost,1168,188,0.624994
2026-01-12 16:49:05,Combined,XGBoost,1168,188,0.440381
2026-01-12 16:49:07,Combined,AORSF,1168,188,0.347855
2026-01-12 16:57:41,Combined,RSF,1168,188,0.360341
2026-01-12 16:57:46,Combined,RSF,1168,188,0.316689
2026-01-12 16:58:29,Combined,RSF,1168,188,0.331673
2026-01-12 16:59:17,Combined,RSF,1168,188,0.390151
2026-01-12 16:59:25,Combined,RSF,1168,188,0.388848
2026-01-12 16:59:27,Combined,RSF,1168,188,0.3747
2026-01-12 16:59:49,Combined,CatBoost,1168,188,0.646197
2026-01-12 16:59:49,Combined,XGBoost,1168,188,0.439406
2026-01-12 16:59:51,Combined,AORSF,1168,188,0.350558
2026-01-12 16:59:54,Combined,CatBoost,1168,188,0.594325
2026-01-12 16:59:59,Combined,XGBoost,1168,188,0.469295
2026-01-12 17:00:01,Combined,AORSF,1168,188,0.342834
2026-01-12 17:00:23,Combined,RSF,1168,188,0.370095
2026-01-12 17:00:43,Combined,CatBoost,1168,188,0.621913
2026-01-12 17:00:43,Combined,XGBoost,1168,188,0.422186
2026-01-12 17:00:45,Combined,AORSF,1168,188,0.361243
2026-01-12 17:01:09,Combined,RSF,1168,188,0.371168
2026-01-12 17:01:35,Combined,CatBoost,1168,188,0.595874
2026-01-12 17:01:35,Combined,XGBoost,1168,188,0.439253
2026-01-12 17:01:37,Combined,AORSF,1168,188,0.355521
2026-01-12 17:01:48,Combined,CatBoost,1168,188,0.602072
2026-01-12 17:01:49,Combined,XGBoost,1168,188,0.444648
2026-01-12 17:01:51,Combined,AORSF,1168,188,0.371188
2026-01-12 17:01:54,Combined,CatBoost,1168,188,0.579549
2026-01-12 17:02:00,Combined,XGBoost,1168,188,0.458007
2026-01-12 17:02:02,Combined,AORSF,1168,188,0.379318
2026-01-12 17:02:57,Combined,CatBoost,1168,188,0.54443
2026-01-12 17:02:58,Combined,XGBoost,1168,188,0.456711
2026-01-12 17:03:00,Combined,AORSF,1168,188,0.35783
2026-01-12 17:03:53,Combined,CatBoost,1168,188,0.532767
2026-01-12 17:03:54,Combined,XGBoost,1168,188,0.43288
2026-01-12 17:03:56,Combined,AORSF,1168,188,0.335713
2026-01-12 17:12:15,Combined,RSF,1168,188,0.384704
2026-01-12 17:12:57,Combined,RSF,1168,188,0.369736
2026-01-12 17:13:21,Combined,RSF,1168,188,0.380189
2026-01-12 17:14:12,Combined,RSF,1168,188,0.367408
2026-01-12 17:14:40,Combined,RSF,1168,188,0.368407
2026-01-12 17:14:42,Combined,RSF,1168,188,0.391241
2026-01-12 17:14:58,Combined,RSF,1168,188,0.393739
2026-01-12 17:15:13,Combined,RSF,1168,188,0.381033
2026-01-12 17:15:55,Combined,CatBoost,1168,188,0.530582
2026-01-12 17:15:56,Combined,XGBoost,1168,188,0.416408
2026-01-12 17:15:57,Combined,AORSF,1168,188,0.338862
2026-01-12 17:21:12,Combined,RSF,1168,188,0.358931
2026-01-12 17:22:26,Myocardio,CatBoost,583,70,0.582499
2026-01-12 17:22:26,Myocardio,XGBoost,583,70,0.538119
2026-01-12 17:22:27,Myocardio,AORSF,583,70,0.417776
2026-01-12 17:22:37,Myocardio,CatBoost,583,70,0.576467
2026-01-12 17:22:38,Myocardio,XGBoost,583,70,0.471096
2026-01-12 17:22:38,Myocardio,AORSF,583,70,0.386923
2026-01-12 17:22:55,Myocardio,CatBoost,583,70,0.619215
2026-01-12 17:22:55,Myocardio,XGBoost,583,70,0.465752
2026-01-12 17:22:56,Myocardio,AORSF,583,70,0.440515
2026-01-12 17:23:10,Myocardio,CatBoost,583,70,0.566318
2026-01-12 17:23:11,Myocardio,XGBoost,583,70,0.495711
2026-01-12 17:23:12,Myocardio,AORSF,583,70,0.424519
2026-01-12 17:23:33,Myocardio,CatBoost,583,70,0.566708
2026-01-12 17:23:34,Myocardio,XGBoost,583,70,0.496214
2026-01-12 17:23:35,Myocardio,AORSF,583,70,0.45728799999999997
2026-01-12 17:23:52,Myocardio,CatBoost,583,70,0.582522
2026-01-12 17:23:53,Myocardio,XGBoost,583,70,0.464974
2026-01-12 17:23:54,Myocardio,AORSF,583,70,0.433255
2026-01-12 17:24:09,Myocardio,CatBoost,583,70,0.654925
2026-01-12 17:24:10,Myocardio,XGBoost,583,70,0.512769
2026-01-12 17:24:11,Myocardio,AORSF,583,70,0.368651
2026-01-12 17:24:26,Myocardio,CatBoost,583,70,0.561534
2026-01-12 17:24:26,Myocardio,XGBoost,583,70,0.506859
2026-01-12 17:24:28,Myocardio,AORSF,583,70,0.400087
2026-01-12 17:26:12,Myocardio,RSF,583,70,0.31835
2026-01-12 17:27:52,Myocardio,CatBoost,583,70,0.559923
2026-01-12 17:27:53,Myocardio,XGBoost,583,70,0.509148
2026-01-12 17:27:54,Myocardio,AORSF,583,70,0.402582
2026-01-12 17:28:11,Myocardio,RSF,583,70,0.354199
2026-01-12 17:28:23,Myocardio,RSF,583,70,0.443999
2026-01-12 17:28:32,Myocardio,RSF,583,70,0.341592
2026-01-12 17:28:53,Myocardio,RSF,583,70,0.380124
2026-01-12 17:29:01,Myocardio,RSF,583,70,0.407647
2026-01-12 17:29:05,Myocardio,RSF,583,70,0.463113
2026-01-12 17:29:05,Myocardio,RSF,583,70,0.403305
2026-01-12 17:29:42,Myocardio,CatBoost,583,70,0.583466
2026-01-12 17:29:43,Myocardio,XGBoost,583,70,0.50568
2026-01-12 17:29:44,Myocardio,AORSF,583,70,0.419451
2026-01-12 17:29:52,Myocardio,CatBoost,583,70,0.580757
2026-01-12 17:29:52,Myocardio,XGBoost,583,70,0.520018
2026-01-12 17:29:53,Myocardio,AORSF,583,70,0.40061
2026-01-12 17:30:02,Myocardio,CatBoost,583,70,0.58352
2026-01-12 17:30:02,Myocardio,XGBoost,583,70,0.521325
2026-01-12 17:30:03,Myocardio,AORSF,583,70,0.355362
2026-01-12 17:30:23,Myocardio,CatBoost,583,70,0.572874
2026-01-12 17:30:24,Myocardio,XGBoost,583,70,0.452616
2026-01-12 17:30:25,Myocardio,AORSF,583,70,0.383263
2026-01-12 17:30:34,Myocardio,CatBoost,583,70,0.568679
2026-01-12 17:30:35,Myocardio,XGBoost,583,70,0.453166
2026-01-12 17:30:36,Myocardio,AORSF,583,70,0.398361
2026-01-12 17:30:39,Myocardio,CatBoost,583,70,0.565139
2026-01-12 17:30:39,Myocardio,XGBoost,583,70,0.44509
2026-01-12 17:30:40,Myocardio,AORSF,583,70,0.449052
2026-01-12 17:30:41,Myocardio,CatBoost,583,70,0.606138
2026-01-12 17:30:42,Myocardio,XGBoost,583,70,0.394863
2026-01-12 17:30:43,Myocardio,AORSF,583,70,0.389711
2026-01-12 17:33:12,Myocardio,RSF,583,70,0.410147
2026-01-12 17:34:38,Myocardio,RSF,583,70,0.327865
2026-01-12 17:34:53,Myocardio,CatBoost,583,70,0.517768
2026-01-12 17:34:54,Myocardio,RSF,583,70,0.352462
2026-01-12 17:34:54,Myocardio,XGBoost,583,70,0.478016
2026-01-12 17:34:55,Myocardio,AORSF,583,70,0.370462
2026-01-12 17:35:18,Myocardio,RSF,583,70,0.367322
2026-01-12 17:35:21,Myocardio,RSF,583,70,0.386637
2026-01-12 17:35:38,Myocardio,RSF,583,70,0.367205
2026-01-12 17:35:52,Myocardio,RSF,583,70,0.412255
2026-01-12 17:35:59,Myocardio,RSF,583,70,0.447422
2026-01-12 17:36:10,Myocardio,CatBoost,583,70,0.451864
2026-01-12 17:36:11,Myocardio,XGBoost,583,70,0.431581
2026-01-12 17:36:12,Myocardio,AORSF,583,70,0.3623
2026-01-12 17:36:23,Myocardio,CatBoost,583,70,0.54997
2026-01-12 17:36:23,Myocardio,XGBoost,583,70,0.469298
2026-01-12 17:36:24,Myocardio,AORSF,583,70,0.365149
2026-01-12 17:36:47,Myocardio,CatBoost,583,70,0.521039
2026-01-12 17:36:47,Myocardio,XGBoost,583,70,0.407586
2026-01-12 17:36:48,Myocardio,AORSF,583,70,0.348656
2026-01-12 17:36:50,Myocardio,CatBoost,583,70,0.504021
2026-01-12 17:36:51,Myocardio,XGBoost,583,70,0.524802
2026-01-12 17:36:51,Myocardio,AORSF,583,70,0.431577
2026-01-12 17:37:10,Myocardio,CatBoost,583,70,0.547263
2026-01-12 17:37:10,Myocardio,XGBoost,583,70,0.422808
2026-01-12 17:37:11,Myocardio,AORSF,583,70,0.357111
2026-01-12 17:37:27,Myocardio,CatBoost,583,70,0.627687
2026-01-12 17:37:28,Myocardio,XGBoost,583,70,0.447379
2026-01-12 17:37:29,Myocardio,AORSF,583,70,0.330812
2026-01-12 17:37:36,Myocardio,CatBoost,583,70,0.597725
2026-01-12 17:37:36,Myocardio,XGBoost,583,70,0.533209
2026-01-12 17:37:37,Myocardio,AORSF,583,70,0.445859
2026-01-12 17:39:42,Myocardio,RSF,583,70,0.405671
2026-01-12 17:40:55,Myocardio,RSF,583,70,0.349045
2026-01-12 17:41:21,Myocardio,RSF,583,70,0.335802
2026-01-12 17:41:31,Myocardio,RSF,583,70,0.351713
2026-01-12 17:41:47,Myocardio,RSF,583,70,0.355469
2026-01-12 17:41:50,Myocardio,RSF,583,70,0.414105
2026-01-12 17:42:00,Myocardio,RSF,583,70,0.361994
2026-01-12 17:42:12,Myocardio,RSF,583,70,0.396014
2026-01-12 17:42:43,Myocardio,CatBoost,583,70,0.528385
2026-01-12 17:42:44,Myocardio,XGBoost,583,70,0.475108
2026-01-12 17:42:44,Myocardio,AORSF,583,70,0.368114
2026-01-12 17:44:59,Myocardio,RSF,583,70,0.348223
2026-01-12 17:46:11,CHD,CatBoost,2845,572,0.653453
2026-01-12 17:46:12,CHD,XGBoost,2845,572,0.024085
2026-01-12 17:47:33,Combined,CatBoost,5835,939,0.579073
2026-01-12 17:47:35,Combined,XGBoost,5835,939,0.007512
2026-01-12 17:48:52,Myocardio,CatBoost,2914,350,0.637652
2026-01-12 17:48:53,Myocardio,XGBoost,2914,350,0.021421
2026-01-12 18:58:17,CHD,CatBoost,570,115,0.597837
2026-01-12 18:58:18,CHD,XGBoost,570,115,0.45014
2026-01-12 18:58:18,CHD,AORSF,570,115,0.398942
2026-01-12 18:58:32,CHD,CatBoost,570,115,0.600171
2026-01-12 18:58:33,CHD,XGBoost,570,115,0.440648
2026-01-12 18:58:34,CHD,AORSF,570,115,0.41509
2026-01-12 18:58:49,CHD,CatBoost,570,115,0.567212
2026-01-12 18:58:49,CHD,XGBoost,570,115,0.518613
2026-01-12 18:58:51,CHD,AORSF,570,115,0.432767
2026-01-12 18:59:05,CHD,CatBoost,570,115,0.590329
2026-01-12 18:59:06,CHD,XGBoost,570,115,0.426618
2026-01-12 18:59:08,CHD,AORSF,570,115,0.337223
2026-01-12 18:59:22,CHD,CatBoost,570,115,0.56585
2026-01-12 18:59:23,CHD,XGBoost,570,115,0.461362
2026-01-12 18:59:24,CHD,AORSF,570,115,0.383492
2026-01-12 18:59:44,CHD,CatBoost,570,115,0.561969
2026-01-12 18:59:45,CHD,XGBoost,570,115,0.474361
2026-01-12 18:59:47,CHD,AORSF,570,115,0.362321
2026-01-12 19:00:05,CHD,CatBoost,570,115,0.580511
2026-01-12 19:00:07,CHD,XGBoost,570,115,0.454065
2026-01-12 19:00:08,CHD,AORSF,570,115,0.377175
2026-01-12 19:00:23,CHD,CatBoost,570,115,0.60982
2026-01-12 19:00:24,CHD,XGBoost,570,115,0.452653
2026-01-12 19:00:26,CHD,AORSF,570,115,0.35842
2026-01-12 19:00:46,CHD,RSF,570,115,0.431986
2026-01-12 19:01:10,CHD,RSF,570,115,0.410386
2026-01-12 19:01:35,CHD,RSF,570,115,0.411174
2026-01-12 19:01:47,CHD,RSF,570,115,0.35034
2026-01-12 19:02:03,CHD,RSF,570,115,0.411155
2026-01-12 19:02:24,CHD,CatBoost,570,115,0.549396
2026-01-12 19:02:25,CHD,XGBoost,570,115,0.536822
2026-01-12 19:02:26,CHD,AORSF,570,115,0.399426
2026-01-12 19:02:48,CHD,RSF,570,115,0.406628
2026-01-12 19:02:48,CHD,CatBoost,570,115,0.53386
2026-01-12 19:02:49,CHD,XGBoost,570,115,0.52709
2026-01-12 19:02:50,CHD,AORSF,570,115,0.40385
2026-01-12 19:02:56,CHD,RSF,570,115,0.366911
2026-01-12 19:03:00,CHD,RSF,570,115,0.384903
2026-01-12 19:03:11,CHD,CatBoost,570,115,0.534196
2026-01-12 19:03:11,CHD,XGBoost,570,115,0.431198
2026-01-12 19:03:12,CHD,AORSF,570,115,0.372072
2026-01-12 19:03:23,CHD,CatBoost,570,115,0.598894
2026-01-12 19:03:23,CHD,XGBoost,570,115,0.477959
2026-01-12 19:03:24,CHD,AORSF,570,115,0.402679
2026-01-12 19:03:41,CHD,CatBoost,570,115,0.572286
2026-01-12 19:03:41,CHD,XGBoost,570,115,0.474556
2026-01-12 19:03:42,CHD,AORSF,570,115,0.439016
2026-01-12 19:04:30,CHD,CatBoost,570,115,0.579846
2026-01-12 19:04:30,CHD,XGBoost,570,115,0.452603
2026-01-12 19:04:31,CHD,AORSF,570,115,0.36336
2026-01-12 19:04:34,CHD,RSF,570,115,0.427697
2026-01-12 19:04:37,CHD,CatBoost,570,115,0.563913
2026-01-12 19:04:38,CHD,XGBoost,570,115,0.466173
2026-01-12 19:04:39,CHD,AORSF,570,115,0.386864
2026-01-12 19:04:45,CHD,CatBoost,570,115,0.583025
2026-01-12 19:04:46,CHD,XGBoost,570,115,0.441584
2026-01-12 19:04:47,CHD,AORSF,570,115,0.375748
2026-01-12 19:05:26,CHD,RSF,570,115,0.405818
2026-01-12 19:05:46,CHD,RSF,570,115,0.383302
2026-01-12 19:06:12,CHD,RSF,570,115,0.389851
2026-01-12 19:06:19,CHD,CatBoost,570,115,0.584597
2026-01-12 19:06:19,CHD,XGBoost,570,115,0.489197
2026-01-12 19:06:20,CHD,AORSF,570,115,0.394489
2026-01-12 19:06:29,CHD,RSF,570,115,0.47068
2026-01-12 19:07:02,CHD,RSF,570,115,0.383509
2026-01-12 19:07:04,CHD,CatBoost,570,115,0.589234
2026-01-12 19:07:04,CHD,RSF,570,115,0.394472
2026-01-12 19:07:05,CHD,XGBoost,570,115,0.471873
2026-01-12 19:07:06,CHD,AORSF,570,115,0.461593
2026-01-12 19:07:11,CHD,RSF,570,115,0.398655
2026-01-12 19:07:22,CHD,CatBoost,570,115,0.638031
2026-01-12 19:07:23,CHD,XGBoost,570,115,0.437907
2026-01-12 19:07:24,CHD,AORSF,570,115,0.356537
2026-01-12 19:07:48,CHD,CatBoost,570,115,0.601288
2026-01-12 19:07:49,CHD,XGBoost,570,115,0.472346
2026-01-12 19:07:50,CHD,AORSF,570,115,0.400852
2026-01-12 19:08:06,CHD,CatBoost,570,115,0.555053
2026-01-12 19:08:07,CHD,XGBoost,570,115,0.539152
2026-01-12 19:08:08,CHD,AORSF,570,115,0.418803
2026-01-12 19:08:43,CHD,CatBoost,570,115,0.575435
2026-01-12 19:08:44,CHD,XGBoost,570,115,0.447215
2026-01-12 19:08:45,CHD,AORSF,570,115,0.38663
2026-01-12 19:08:48,CHD,CatBoost,570,115,0.556571
2026-01-12 19:08:48,CHD,XGBoost,570,115,0.483862
2026-01-12 19:08:49,CHD,AORSF,570,115,0.444183
2026-01-12 19:08:55,CHD,CatBoost,570,115,0.555551
2026-01-12 19:08:55,CHD,XGBoost,570,115,0.478251
2026-01-12 19:08:56,CHD,AORSF,570,115,0.411447
2026-01-12 19:08:59,CHD,RSF,570,115,0.388488
2026-01-12 19:09:13,CHD,RSF,570,115,0.431222
2026-01-12 19:10:14,CHD,RSF,570,115,0.395869
2026-01-12 19:10:15,CHD,RSF,570,115,0.444588
2026-01-12 19:10:24,CHD,RSF,570,115,0.418849
2026-01-12 19:11:04,CHD,RSF,570,115,0.405712
2026-01-12 19:11:07,CHD,RSF,570,115,0.401801
2026-01-12 19:11:07,CHD,RSF,570,115,0.418294
2026-01-12 19:11:29,CHD,CatBoost,570,115,0.581999
2026-01-12 19:11:29,CHD,XGBoost,570,115,0.503495
2026-01-12 19:11:30,CHD,AORSF,570,115,0.399879
2026-01-12 19:12:33,CHD,RSF,570,115,0.397095
2026-01-12 19:14:11,Combined,CatBoost,1168,188,0.516047
2026-01-12 19:14:11,Combined,XGBoost,1168,188,0.428106
2026-01-12 19:14:13,Combined,AORSF,1168,188,0.345071
2026-01-12 19:14:45,Combined,CatBoost,1168,188,0.649224
2026-01-12 19:14:46,Combined,XGBoost,1168,188,0.411618
2026-01-12 19:14:48,Combined,AORSF,1168,188,0.316757
2026-01-12 19:15:16,Combined,CatBoost,1168,188,0.545466
2026-01-12 19:15:17,Combined,XGBoost,1168,188,0.468712
2026-01-12 19:15:19,Combined,AORSF,1168,188,0.408062
2026-01-12 19:15:53,Combined,CatBoost,1168,188,0.592246
2026-01-12 19:15:54,Combined,XGBoost,1168,188,0.421371
2026-01-12 19:15:56,Combined,AORSF,1168,188,0.387052
2026-01-12 19:16:26,Combined,CatBoost,1168,188,0.480356
2026-01-12 19:16:27,Combined,XGBoost,1168,188,0.44462
2026-01-12 19:16:29,Combined,AORSF,1168,188,0.336637
2026-01-12 19:17:04,Combined,CatBoost,1168,188,0.597355
2026-01-12 19:17:05,Combined,XGBoost,1168,188,0.435223
2026-01-12 19:17:07,Combined,AORSF,1168,188,0.329056
2026-01-12 19:17:32,Combined,CatBoost,1168,188,0.636313
2026-01-12 19:17:33,Combined,XGBoost,1168,188,0.450677
2026-01-12 19:17:35,Combined,AORSF,1168,188,0.347651
2026-01-12 19:18:02,Combined,CatBoost,1168,188,0.642615
2026-01-12 19:18:03,Combined,XGBoost,1168,188,0.434589
2026-01-12 19:18:05,Combined,AORSF,1168,188,0.337727
2026-01-12 19:28:10,Combined,RSF,1168,188,0.375305
2026-01-12 19:28:10,Combined,RSF,1168,188,0.386777
2026-01-12 19:28:26,Combined,RSF,1168,188,0.393716
2026-01-12 19:28:28,Combined,RSF,1168,188,0.421514
2026-01-12 19:29:14,Combined,RSF,1168,188,0.358672
2026-01-12 19:29:58,Combined,RSF,1168,188,0.356006
2026-01-12 19:30:10,Combined,CatBoost,1168,188,0.522237
2026-01-12 19:30:11,Combined,XGBoost,1168,188,0.438395
2026-01-12 19:30:12,Combined,CatBoost,1168,188,0.445224
2026-01-12 19:30:12,Combined,AORSF,1168,188,0.322137
2026-01-12 19:30:18,Combined,RSF,1168,188,0.355122
2026-01-12 19:30:21,Combined,XGBoost,1168,188,0.415064
2026-01-12 19:30:22,Combined,AORSF,1168,188,0.323219
2026-01-12 19:30:35,Combined,CatBoost,1168,188,0.408604
2026-01-12 19:30:36,Combined,XGBoost,1168,188,0.406475
2026-01-12 19:30:37,Combined,CatBoost,1168,188,0.615883
2026-01-12 19:30:37,Combined,AORSF,1168,188,0.336553
2026-01-12 19:30:47,Combined,XGBoost,1168,188,0.411666
2026-01-12 19:30:48,Combined,AORSF,1168,188,0.32516
2026-01-12 19:31:06,Combined,RSF,1168,188,0.387937
2026-01-12 19:31:40,Combined,CatBoost,1168,188,0.550183
2026-01-12 19:31:41,Combined,XGBoost,1168,188,0.399699
2026-01-12 19:31:43,Combined,AORSF,1168,188,0.314532
2026-01-12 19:32:32,Combined,XGBoost,1168,188,0.410653
2026-01-12 19:32:34,Combined,AORSF,1168,188,0.330676
2026-01-12 19:32:44,Combined,CatBoost,1168,188,0.528484
2026-01-12 19:32:45,Combined,XGBoost,1168,188,0.462784
2026-01-12 19:32:47,Combined,AORSF,1168,188,0.37413
2026-01-12 19:33:43,Combined,CatBoost,1168,188,0.624994
2026-01-12 19:33:44,Combined,XGBoost,1168,188,0.440381
2026-01-12 19:33:46,Combined,AORSF,1168,188,0.347855
2026-01-12 19:42:40,Combined,RSF,1168,188,0.316689
2026-01-12 19:42:43,Combined,RSF,1168,188,0.360341
2026-01-12 19:43:30,Combined,RSF,1168,188,0.331673
2026-01-12 19:44:00,Combined,RSF,1168,188,0.390151
2026-01-12 19:44:10,Combined,RSF,1168,188,0.3747
2026-01-12 19:44:26,Combined,RSF,1168,188,0.388848
2026-01-12 19:44:46,Combined,CatBoost,1168,188,0.594325
2026-01-12 19:44:47,Combined,XGBoost,1168,188,0.469295
2026-01-12 19:44:48,Combined,AORSF,1168,188,0.342834
2026-01-12 19:44:49,Combined,CatBoost,1168,188,0.646197
2026-01-12 19:44:57,Combined,XGBoost,1168,188,0.439406
2026-01-12 19:44:59,Combined,AORSF,1168,188,0.350558
2026-01-12 19:45:11,Combined,RSF,1168,188,0.370095
2026-01-12 19:45:39,Combined,RSF,1168,188,0.371168
2026-01-12 19:45:44,Combined,CatBoost,1168,188,0.621913
2026-01-12 19:45:45,Combined,XGBoost,1168,188,0.422186
2026-01-12 19:45:46,Combined,AORSF,1168,188,0.361243
2026-01-12 19:46:20,Combined,CatBoost,1168,188,0.595874
2026-01-12 19:46:21,Combined,XGBoost,1168,188,0.439253
2026-01-12 19:46:22,Combined,AORSF,1168,188,0.355521
2026-01-12 19:46:36,Combined,CatBoost,1168,188,0.579549
2026-01-12 19:46:36,Combined,XGBoost,1168,188,0.458007
2026-01-12 19:46:38,Combined,AORSF,1168,188,0.379318
2026-01-12 19:46:59,Combined,CatBoost,1168,188,0.602072
2026-01-12 19:47:00,Combined,XGBoost,1168,188,0.444648
2026-01-12 19:47:02,Combined,AORSF,1168,188,0.371188
2026-01-12 19:47:45,Combined,CatBoost,1168,188,0.54443
2026-01-12 19:47:46,Combined,XGBoost,1168,188,0.456711
2026-01-12 19:47:48,Combined,AORSF,1168,188,0.35783
2026-01-12 19:48:29,Combined,CatBoost,1168,188,0.532767
2026-01-12 19:48:30,Combined,XGBoost,1168,188,0.43288
2026-01-12 19:48:32,Combined,AORSF,1168,188,0.335713
2026-01-12 19:57:11,Combined,RSF,1168,188,0.384704
2026-01-12 19:58:02,Combined,RSF,1168,188,0.369736
2026-01-12 19:58:30,Combined,RSF,1168,188,0.380189
2026-01-12 19:59:20,Combined,RSF,1168,188,0.367408
2026-01-12 19:59:30,Combined,RSF,1168,188,0.368407
2026-01-12 19:59:34,Combined,RSF,1168,188,0.391241
2026-01-12 19:59:50,Combined,RSF,1168,188,0.393739
2026-01-12 20:00:08,Combined,RSF,1168,188,0.381033
2026-01-12 20:00:48,Combined,CatBoost,1168,188,0.530582
2026-01-12 20:00:48,Combined,XGBoost,1168,188,0.416408
2026-01-12 20:00:49,Combined,AORSF,1168,188,0.338862
2026-01-12 20:06:06,Combined,RSF,1168,188,0.358931
2026-01-12 20:07:25,Myocardio,CatBoost,583,70,0.582499
2026-01-12 20:07:25,Myocardio,XGBoost,583,70,0.538119
2026-01-12 20:07:26,Myocardio,AORSF,583,70,0.417776
2026-01-12 20:07:40,Myocardio,CatBoost,583,70,0.576467
2026-01-12 20:07:41,Myocardio,XGBoost,583,70,0.471096
2026-01-12 20:07:42,Myocardio,AORSF,583,70,0.386923
2026-01-12 20:07:55,Myocardio,CatBoost,583,70,0.619215
2026-01-12 20:07:55,Myocardio,XGBoost,583,70,0.465752
2026-01-12 20:07:56,Myocardio,AORSF,583,70,0.440515
2026-01-12 20:08:06,Myocardio,CatBoost,583,70,0.566318
2026-01-12 20:08:06,Myocardio,XGBoost,583,70,0.495711
2026-01-12 20:08:07,Myocardio,AORSF,583,70,0.424519
2026-01-12 20:08:25,Myocardio,CatBoost,583,70,0.566708
2026-01-12 20:08:26,Myocardio,XGBoost,583,70,0.496214
2026-01-12 20:08:27,Myocardio,AORSF,583,70,0.45728799999999997
2026-01-12 20:08:44,Myocardio,CatBoost,583,70,0.582522
2026-01-12 20:08:44,Myocardio,XGBoost,583,70,0.464974
2026-01-12 20:08:45,Myocardio,AORSF,583,70,0.433255
2026-01-12 20:08:59,Myocardio,CatBoost,583,70,0.654925
2026-01-12 20:08:59,Myocardio,XGBoost,583,70,0.512769
2026-01-12 20:09:00,Myocardio,AORSF,583,70,0.368651
2026-01-12 20:09:19,Myocardio,CatBoost,583,70,0.561534
2026-01-12 20:09:19,Myocardio,XGBoost,583,70,0.506859
2026-01-12 20:09:20,Myocardio,AORSF,583,70,0.400087
2026-01-12 20:11:18,Myocardio,RSF,583,70,0.31835
2026-01-12 20:12:59,Myocardio,CatBoost,583,70,0.559923
2026-01-12 20:12:59,Myocardio,XGBoost,583,70,0.509148
2026-01-12 20:13:00,Myocardio,AORSF,583,70,0.402582
2026-01-12 20:13:11,Myocardio,RSF,583,70,0.354199
2026-01-12 20:13:13,Myocardio,RSF,583,70,0.443999
2026-01-12 20:13:17,Myocardio,RSF,583,70,0.341592
2026-01-12 20:13:43,Myocardio,RSF,583,70,0.380124
2026-01-12 20:13:57,Myocardio,RSF,583,70,0.463113
2026-01-12 20:13:59,Myocardio,RSF,583,70,0.403305
2026-01-12 20:13:59,Myocardio,RSF,583,70,0.407647
2026-01-12 20:14:39,Myocardio,CatBoost,583,70,0.583466
2026-01-12 20:14:39,Myocardio,XGBoost,583,70,0.50568
2026-01-12 20:14:40,Myocardio,AORSF,583,70,0.419451
2026-01-12 20:14:40,Myocardio,CatBoost,583,70,0.580757
2026-01-12 20:14:41,Myocardio,XGBoost,583,70,0.520018
2026-01-12 20:14:42,Myocardio,AORSF,583,70,0.40061
2026-01-12 20:14:47,Myocardio,CatBoost,583,70,0.58352
2026-01-12 20:14:47,Myocardio,XGBoost,583,70,0.521325
2026-01-12 20:14:48,Myocardio,AORSF,583,70,0.355362
2026-01-12 20:15:12,Myocardio,CatBoost,583,70,0.572874
2026-01-12 20:15:12,Myocardio,XGBoost,583,70,0.452616
2026-01-12 20:15:13,Myocardio,AORSF,583,70,0.383263
2026-01-12 20:15:30,Myocardio,CatBoost,583,70,0.606138
2026-01-12 20:15:30,Myocardio,XGBoost,583,70,0.394863
2026-01-12 20:15:31,Myocardio,CatBoost,583,70,0.565139
2026-01-12 20:15:31,Myocardio,AORSF,583,70,0.389711
2026-01-12 20:15:31,Myocardio,XGBoost,583,70,0.44509
2026-01-12 20:15:33,Myocardio,CatBoost,583,70,0.568679
2026-01-12 20:15:33,Myocardio,AORSF,583,70,0.449052
2026-01-12 20:15:35,Myocardio,XGBoost,583,70,0.453166
2026-01-12 20:15:36,Myocardio,AORSF,583,70,0.398361
2026-01-12 20:18:10,Myocardio,RSF,583,70,0.410147
2026-01-12 20:19:22,Myocardio,RSF,583,70,0.327865
2026-01-12 20:19:36,Myocardio,RSF,583,70,0.352462
2026-01-12 20:19:54,Myocardio,CatBoost,583,70,0.517768
2026-01-12 20:19:54,Myocardio,XGBoost,583,70,0.478016
2026-01-12 20:19:55,Myocardio,AORSF,583,70,0.370462
2026-01-12 20:20:07,Myocardio,RSF,583,70,0.367322
2026-01-12 20:20:13,Myocardio,RSF,583,70,0.386637
2026-01-12 20:20:19,Myocardio,RSF,583,70,0.367205
2026-01-12 20:20:38,Myocardio,RSF,583,70,0.412255
2026-01-12 20:20:43,Myocardio,RSF,583,70,0.447422
2026-01-12 20:20:56,Myocardio,CatBoost,583,70,0.451864
2026-01-12 20:20:56,Myocardio,XGBoost,583,70,0.431581
2026-01-12 20:20:57,Myocardio,AORSF,583,70,0.3623
2026-01-12 20:21:07,Myocardio,CatBoost,583,70,0.54997
2026-01-12 20:21:07,Myocardio,XGBoost,583,70,0.469298
2026-01-12 20:21:08,Myocardio,AORSF,583,70,0.365149
2026-01-12 20:21:37,Myocardio,CatBoost,583,70,0.521039
2026-01-12 20:21:38,Myocardio,XGBoost,583,70,0.407586
2026-01-12 20:21:39,Myocardio,AORSF,583,70,0.348656
2026-01-12 20:21:44,Myocardio,CatBoost,583,70,0.504021
2026-01-12 20:21:44,Myocardio,XGBoost,583,70,0.524802
2026-01-12 20:21:45,Myocardio,AORSF,583,70,0.431577
2026-01-12 20:21:51,Myocardio,CatBoost,583,70,0.547263
2026-01-12 20:21:52,Myocardio,XGBoost,583,70,0.422808
2026-01-12 20:21:53,Myocardio,AORSF,583,70,0.357111
2026-01-12 20:22:14,Myocardio,CatBoost,583,70,0.627687
2026-01-12 20:22:15,Myocardio,XGBoost,583,70,0.447379
2026-01-12 20:22:15,Myocardio,AORSF,583,70,0.330812
2026-01-12 20:22:20,Myocardio,CatBoost,583,70,0.597725
2026-01-12 20:22:20,Myocardio,XGBoost,583,70,0.533209
2026-01-12 20:22:21,Myocardio,AORSF,583,70,0.445859
2026-01-12 20:24:37,Myocardio,RSF,583,70,0.405671
2026-01-12 20:25:35,Myocardio,RSF,583,70,0.349045
2026-01-12 20:26:00,Myocardio,RSF,583,70,0.335802
2026-01-12 20:26:16,Myocardio,RSF,583,70,0.351713
2026-01-12 20:26:31,Myocardio,RSF,583,70,0.355469
2026-01-12 20:26:39,Myocardio,RSF,583,70,0.414105
2026-01-12 20:26:42,Myocardio,RSF,583,70,0.361994
2026-01-12 20:26:55,Myocardio,RSF,583,70,0.396014
2026-01-12 20:27:29,Myocardio,CatBoost,583,70,0.528385
2026-01-12 20:27:29,Myocardio,XGBoost,583,70,0.475108
2026-01-12 20:27:29,Myocardio,AORSF,583,70,0.368114
2026-01-12 20:29:43,Myocardio,RSF,583,70,0.348223
2026-01-12 20:30:51,CHD,CatBoost,2845,572,0.653453
2026-01-12 20:30:52,CHD,XGBoost,2845,572,0.024085
2026-01-12 20:32:18,Combined,CatBoost,5835,939,0.579073
2026-01-12 20:32:20,Combined,XGBoost,5835,939,0.007512
2026-01-12 20:33:47,Myocardio,CatBoost,2914,350,0.637652
2026-01-12 20:33:48,Myocardio,XGBoost,2914,350,0.021421
